registration,manufacturerSerial,lineNumber,family,familyCode,model,status,deliveryDateText,sourceUrl
N101DQ,9409,,Airbus A321,a321,321-211,Active,13/02/2020,https://www.airfleets.net/flottecie/Delta%20Air%20Lines-active-a321-70.htm
N101DU,50020,,Airbus A220,csr,220-171,Active,25/10/2018,https://www.airfleets.net/flottecie/Delta%20Air%20Lines-active-csr.htm
N102DN,9485,,Airbus A321,a321,321-211,Active,12/03/2020,https://www.airfleets.net/flottecie/Delta%20Air%20Lines-active-a321-70.htm
N102DU,50021,,Airbus A220,csr,220-171,Active,18/12/2018,https://www.airfleets.net/flottecie/Delta%20Air%20Lines-active-csr.htm
N103DU,50022,,Airbus A220,csr,220-171,Active,08/12/2018,https://www.airfleets.net/flottecie/Delta%20Air%20Lines-active-csr.htm
N103DY,9538,,Airbus A321,a321,321-211,Active,28/08/2020,https://www.airfleets.net/flottecie/Delta%20Air%20Lines-active-a321-70.htm
N104DN,10009,,Airbus A321,a321,321-211,Active,28/08/2020,https://www.airfleets.net/flottecie/Delta%20Air%20Lines-active-a321-70.htm
N104DU,50023,,Airbus A220,csr,220-171,Active,31/12/2018,https://www.airfleets.net/flottecie/Delta%20Air%20Lines-active-csr.htm
N105DU,50024,,Airbus A220,csr,220-171,Active,16/02/2019,https://www.airfleets.net/flottecie/Delta%20Air%20Lines-active-csr.htm
N105DX,10030,,Airbus A321,a321,321-211,Active,24/09/2020,https://www.airfleets.net/flottecie/Delta%20Air%20Lines-active-a321-105.htm
N106DN,10088,,Airbus A321,a321,321-211,Active,08/10/2020,https://www.airfleets.net/flottecie/Delta%20Air%20Lines-active-a321-105.htm
N106DU,50025,,Airbus A220,csr,220-171,Active,22/02/2019,https://www.airfleets.net/flottecie/Delta%20Air%20Lines-active-csr.htm
N107DN,9582,,Airbus A321,a321,321-211,Active,13/11/2020,https://www.airfleets.net/flottecie/Delta%20Air%20Lines-active-a321-70.htm
N107DU,50026,,Airbus A220,csr,220-171,Active,01/03/2019,https://www.airfleets.net/flottecie/Delta%20Air%20Lines-active-csr.htm
N108DN,10003,,Airbus A321,a321,321-211,Active,18/03/2021,https://www.airfleets.net/flottecie/Delta%20Air%20Lines-active-a321-70.htm
N108DQ,50027,,Airbus A220,csr,220-171,Active,26/04/2019,https://www.airfleets.net/flottecie/Delta%20Air%20Lines-active-csr.htm
N109DN,9588,,Airbus A321,a321,321-211,Active,08/06/2021,https://www.airfleets.net/flottecie/Delta%20Air%20Lines-active-a321-70.htm
N109DU,50028,,Airbus A220,csr,220-171,Active,13/03/2019,https://www.airfleets.net/flottecie/Delta%20Air%20Lines-active-csr.htm
N110DU,50029,,Airbus A220,csr,220-171,Active,29/03/2019,https://www.airfleets.net/flottecie/Delta%20Air%20Lines-active-csr.htm
N110DX,10015,,Airbus A321,a321,321-211,Active,14/01/2021,https://www.airfleets.net/flottecie/Delta%20Air%20Lines-active-a321-105.htm
N111DC,10018,,Airbus A321,a321,321-211,Active,19/01/2021,https://www.airfleets.net/flottecie/Delta%20Air%20Lines-active-a321-105.htm
N111NG,50030,,Airbus A220,csr,220-171,Active,06/06/2019,https://www.airfleets.net/flottecie/Delta%20Air%20Lines-active-csr.htm
N112DN,10085,,Airbus A321,a321,321-211,Active,23/02/2021,https://www.airfleets.net/flottecie/Delta%20Air%20Lines-active-a321-105.htm
N112DU,50031,,Airbus A220,csr,220-171,Active,18/04/2019,https://www.airfleets.net/flottecie/Delta%20Air%20Lines-active-csr.htm
N113DQ,50032,,Airbus A220,csr,220-171,Active,20/05/2019,https://www.airfleets.net/flottecie/Delta%20Air%20Lines-active-csr.htm
N113DX,10100,,Airbus A321,a321,321-211,Active,01/04/2021,https://www.airfleets.net/flottecie/Delta%20Air%20Lines-active-a321-105.htm
N114DN,10122,,Airbus A321,a321,321-211,Active,28/01/2021,https://www.airfleets.net/flottecie/Delta%20Air%20Lines-active-a321-105.htm
N114DU,50033,,Airbus A220,csr,220-171,Active,30/05/2019,https://www.airfleets.net/flottecie/Delta%20Air%20Lines-active-csr.htm
N115DN,10132,,Airbus A321,a321,321-211,Active,12/02/2021,https://www.airfleets.net/flottecie/Delta%20Air%20Lines-active-a321-105.htm
N115DU,50034,,Airbus A220,csr,220-171,Active,18/06/2019,https://www.airfleets.net/flottecie/Delta%20Air%20Lines-active-csr.htm
N116DN,10121,,Airbus A321,a321,321-211,Active,23/04/2021,https://www.airfleets.net/flottecie/Delta%20Air%20Lines-active-a321-105.htm
N116DU,50035,,Airbus A220,csr,220-171,Active,20/06/2019,https://www.airfleets.net/flottecie/Delta%20Air%20Lines-active-csr.htm
N117DU,50036,,Airbus A220,csr,220-171,Active,25/06/2019,https://www.airfleets.net/flottecie/Delta%20Air%20Lines-active-csr.htm
N117DX,10133,,Airbus A321,a321,321-211,Active,21/01/2021,https://www.airfleets.net/flottecie/Delta%20Air%20Lines-active-a321-105.htm
N118DU,50037,,Airbus A220,csr,220-171,Active,28/06/2019,https://www.airfleets.net/flottecie/Delta%20Air%20Lines-active-csr.htm
N118DY,10140,,Airbus A321,a321,321-211,Active,07/05/2021,https://www.airfleets.net/flottecie/Delta%20Air%20Lines-active-a321-105.htm
N119DN,10182,,Airbus A321,a321,321-211,Active,08/04/2021,https://www.airfleets.net/flottecie/Delta%20Air%20Lines-active-a321-105.htm
N119DU,50038,,Airbus A220,csr,220-171,Active,12/07/2019,https://www.airfleets.net/flottecie/Delta%20Air%20Lines-active-csr.htm
N1200K,28457,696,Boeing 767,b767,767-332ER,Active,10/04/1998,https://www.airfleets.net/flottecie/Delta%20Air%20Lines-active-b767.htm
N1201P,28458,697,Boeing 767,b767,767-332ER,Active,12/04/1998,https://www.airfleets.net/flottecie/Delta%20Air%20Lines-active-b767.htm
N120DN,10185,,Airbus A321,a321,321-211,Active,05/05/2021,https://www.airfleets.net/flottecie/Delta%20Air%20Lines-active-a321-105.htm
N120DU,50039,,Airbus A220,csr,220-171,Active,25/07/2019,https://www.airfleets.net/flottecie/Delta%20Air%20Lines-active-csr.htm
N121DU,50040,,Airbus A220,csr,220-171,Active,09/08/2019,https://www.airfleets.net/flottecie/Delta%20Air%20Lines-active-csr.htm
N121DZ,10233,,Airbus A321,a321,321-211,Active,28/05/2021,https://www.airfleets.net/flottecie/Delta%20Air%20Lines-active-a321-105.htm
N122DN,10183,,Airbus A321,a321,321-211,Active,09/04/2021,https://www.airfleets.net/flottecie/Delta%20Air%20Lines-active-a321-105.htm
N122DU,50041,,Airbus A220,csr,220-171,Active,29/08/2019,https://www.airfleets.net/flottecie/Delta%20Air%20Lines-active-csr.htm
N123DQ,50042,,Airbus A220,csr,220-171,Active,17/09/2019,https://www.airfleets.net/flottecie/Delta%20Air%20Lines-active-csr.htm
N123DW,10234,,Airbus A321,a321,321-211,Active,07/07/2021,https://www.airfleets.net/flottecie/Delta%20Air%20Lines-active-a321-105.htm
N124DU,50043,,Airbus A220,csr,220-171,Active,23/09/2019,https://www.airfleets.net/flottecie/Delta%20Air%20Lines-active-csr.htm
N124DX,10251,,Airbus A321,a321,321-211,Active,01/10/2021,https://www.airfleets.net/flottecie/Delta%20Air%20Lines-active-a321-105.htm
N125DN,10252,,Airbus A321,a321,321-211,Active,15/10/2021,https://www.airfleets.net/flottecie/Delta%20Air%20Lines-active-a321-105.htm
N125DU,50044,,Airbus A220,csr,220-171,Active,30/09/2019,https://www.airfleets.net/flottecie/Delta%20Air%20Lines-active-csr.htm
N126DN,10297,,Airbus A321,a321,321-211,Active,29/10/2021,https://www.airfleets.net/flottecie/Delta%20Air%20Lines-active-a321-105.htm
N126DU,50045,,Airbus A220,csr,220-171,Active,10/10/2019,https://www.airfleets.net/flottecie/Delta%20Air%20Lines-active-csr.htm
N127DN,10236,,Airbus A321,a321,321-211,Active,27/08/2021,https://www.airfleets.net/flottecie/Delta%20Air%20Lines-active-a321-105.htm
N127DU,50046,,Airbus A220,csr,220-171,Active,30/10/2019,https://www.airfleets.net/flottecie/Delta%20Air%20Lines-active-csr.htm
N128DN,10300,,Airbus A321,a321,321-211,Active,05/11/2021,https://www.airfleets.net/flottecie/Delta%20Air%20Lines-active-a321-105.htm
N128DU,50047,,Airbus A220,csr,220-171,Active,21/11/2019,https://www.airfleets.net/flottecie/Delta%20Air%20Lines-active-csr.htm
N129DN,10315,,Airbus A321,a321,321-211,Active,16/12/2021,https://www.airfleets.net/flottecie/Delta%20Air%20Lines-active-a321-105.htm
N129DU,50048,,Airbus A220,csr,220-171,Active,24/01/2020,https://www.airfleets.net/flottecie/Delta%20Air%20Lines-active-csr.htm
N130DU,50049,,Airbus A220,csr,220-171,Active,28/02/2020,https://www.airfleets.net/flottecie/Delta%20Air%20Lines-active-csr.htm
N131DU,50050,,Airbus A220,csr,220-171,Active,06/03/2020,https://www.airfleets.net/flottecie/Delta%20Air%20Lines-active-csr.htm
N132DU,50051,,Airbus A220,csr,220-171,Active,22/10/2020,https://www.airfleets.net/flottecie/Delta%20Air%20Lines-active-csr.htm
N133DU,50052,,Airbus A220,csr,220-171,Active,22/10/2020,https://www.airfleets.net/flottecie/Delta%20Air%20Lines-active-csr.htm
N134DU,50053,,Airbus A220,csr,220-171,Active,29/10/2020,https://www.airfleets.net/flottecie/Delta%20Air%20Lines-active-csr.htm
N135DQ,50054,,Airbus A220,csr,220-171,Active,30/10/2020,https://www.airfleets.net/flottecie/Delta%20Air%20Lines-active-csr.htm
N136DQ,50055,,Airbus A220,csr,220-171,Active,31/10/2020,https://www.airfleets.net/flottecie/Delta%20Air%20Lines-active-csr-35.htm
N137DU,50056,,Airbus A220,csr,220-171,Active,31/10/2020,https://www.airfleets.net/flottecie/Delta%20Air%20Lines-active-csr-35.htm
N138DU,50057,,Airbus A220,csr,220-171,Active,24/10/2020,https://www.airfleets.net/flottecie/Delta%20Air%20Lines-active-csr-35.htm
N139DU,50058,,Airbus A220,csr,220-171,Active,05/02/2021,https://www.airfleets.net/flottecie/Delta%20Air%20Lines-active-csr-35.htm
N140DU,50059,,Airbus A220,csr,220-171,Active,29/01/2021,https://www.airfleets.net/flottecie/Delta%20Air%20Lines-active-csr-35.htm
N141DU,50061,,Airbus A220,csr,220-171,Active,09/03/2021,https://www.airfleets.net/flottecie/Delta%20Air%20Lines-active-csr-35.htm
N142DU,50060,,Airbus A220,csr,220-171,Active,18/02/2022,https://www.airfleets.net/flottecie/Delta%20Air%20Lines-active-csr-35.htm
N143DU,50063,,Airbus A220,csr,220-171,Active,01/02/2022,https://www.airfleets.net/flottecie/Delta%20Air%20Lines-active-csr-35.htm
N144DU,50064,,Airbus A220,csr,220-171,Active,08/03/2022,https://www.airfleets.net/flottecie/Delta%20Air%20Lines-active-csr-35.htm
N145DQ,50065,,Airbus A220,csr,220-171,Active,01/04/2022,https://www.airfleets.net/flottecie/Delta%20Air%20Lines-active-csr-35.htm
N1602,29694,735,Boeing 767,b767,767-332ER,Active,22/01/1999,https://www.airfleets.net/flottecie/Delta%20Air%20Lines-active-b767.htm
N1603,29695,736,Boeing 767,b767,767-332ER,Active,05/02/1999,https://www.airfleets.net/flottecie/Delta%20Air%20Lines-active-b767.htm
N1604R,30180,749,Boeing 767,b767,767-332ER,Active,28/04/1999,https://www.airfleets.net/flottecie/Delta%20Air%20Lines-active-b767-35.htm
N1605,30198,753,Boeing 767,b767,767-332ER,Active,27/05/1999,https://www.airfleets.net/flottecie/Delta%20Air%20Lines-active-b767-35.htm
N16065,30199,755,Boeing 767,b767,767-332ER,Active,10/06/1999,https://www.airfleets.net/flottecie/Delta%20Air%20Lines-active-b767-35.htm
N169DZ,29689,706,Boeing 767,b767,767-332ER,Active,18/06/1998,https://www.airfleets.net/flottecie/Delta%20Air%20Lines-active-b767.htm
N171DZ,29690,717,Boeing 767,b767,767-332ER,Active,11/09/1998,https://www.airfleets.net/flottecie/Delta%20Air%20Lines-active-b767.htm
N172DZ,29691,719,Boeing 767,b767,767-332ER,Active,29/09/1998,https://www.airfleets.net/flottecie/Delta%20Air%20Lines-active-b767.htm
N173DZ,29692,723,Boeing 767,b767,767-332ER,Active,02/11/1998,https://www.airfleets.net/flottecie/Delta%20Air%20Lines-active-b767.htm
N174DN,24802,317,Boeing 767,b767,767-332ER,Active,20/07/1990,https://www.airfleets.net/flottecie/Delta%20Air%20Lines-active-b767.htm
N174DZ,29693,725,Boeing 767,b767,767-332ER,Active,05/11/1998,https://www.airfleets.net/flottecie/Delta%20Air%20Lines-active-b767.htm
N175DZ,29696,740,Boeing 767,b767,767-332ER,Active,04/03/1999,https://www.airfleets.net/flottecie/Delta%20Air%20Lines-active-b767.htm
N176DZ,29697,745,Boeing 767,b767,767-332ER,Active,22/04/1999,https://www.airfleets.net/flottecie/Delta%20Air%20Lines-active-b767.htm
N177DN,25122,346,Boeing 767,b767,767-332ER,Active,19/01/1991,https://www.airfleets.net/flottecie/Delta%20Air%20Lines-active-b767.htm
N177DZ,29698,750,Boeing 767,b767,767-332ER,Active,06/05/1999,https://www.airfleets.net/flottecie/Delta%20Air%20Lines-active-b767.htm
N178DN,25143,349,Boeing 767,b767,767-332ER,Active,05/04/1991,https://www.airfleets.net/flottecie/Delta%20Air%20Lines-active-b767.htm
N178DZ,30596,795,Boeing 767,b767,767-332ER,Active,23/05/2000,https://www.airfleets.net/flottecie/Delta%20Air%20Lines-active-b767-35.htm
N179DN,25144,350,Boeing 767,b767,767-332ER,Active,17/04/1991,https://www.airfleets.net/flottecie/Delta%20Air%20Lines-active-b767.htm
N180DN,25985,428,Boeing 767,b767,767-332ER,Active,25/04/1992,https://www.airfleets.net/flottecie/Delta%20Air%20Lines-active-b767.htm
N185DN,27961,576,Boeing 767,b767,767-332ER,Active,03/05/1995,https://www.airfleets.net/flottecie/Delta%20Air%20Lines-active-b767.htm
N186DN,27962,585,Boeing 767,b767,767-332ER,Active,07/07/1995,https://www.airfleets.net/flottecie/Delta%20Air%20Lines-active-b767.htm
N187DN,27582,617,Boeing 767,b767,767-332ER,Active,19/06/1996,https://www.airfleets.net/flottecie/Delta%20Air%20Lines-active-b767.htm
N188DN,27583,631,Boeing 767,b767,767-332ER,Active,17/10/1996,https://www.airfleets.net/flottecie/Delta%20Air%20Lines-active-b767.htm
N189DN,25990,646,Boeing 767,b767,767-332ER,Active,13/02/1997,https://www.airfleets.net/flottecie/Delta%20Air%20Lines-active-b767.htm
N190DN,28447,653,Boeing 767,b767,767-332ER,Active,25/03/1997,https://www.airfleets.net/flottecie/Delta%20Air%20Lines-active-b767.htm
N191DN,28448,654,Boeing 767,b767,767-332ER,Active,09/04/1997,https://www.airfleets.net/flottecie/Delta%20Air%20Lines-active-b767.htm
N192DN,28449,664,Boeing 767,b767,767-332ER,Active,26/06/1997,https://www.airfleets.net/flottecie/Delta%20Air%20Lines-active-b767.htm
N193DN,28450,671,Boeing 767,b767,767-332ER,Active,21/08/1997,https://www.airfleets.net/flottecie/Delta%20Air%20Lines-active-b767.htm
N194DN,28451,675,Boeing 767,b767,767-332ER,Active,26/09/1997,https://www.airfleets.net/flottecie/Delta%20Air%20Lines-active-b767.htm
N195DN,28452,676,Boeing 767,b767,767-332ER,Active,30/09/1997,https://www.airfleets.net/flottecie/Delta%20Air%20Lines-active-b767.htm
N196DN,28453,679,Boeing 767,b767,767-332ER,Active,30/10/1997,https://www.airfleets.net/flottecie/Delta%20Air%20Lines-active-b767.htm
N197DN,28454,683,Boeing 767,b767,767-332ER,Active,23/12/1997,https://www.airfleets.net/flottecie/Delta%20Air%20Lines-active-b767.htm
N198DN,28455,685,Boeing 767,b767,767-332ER,Active,02/02/1998,https://www.airfleets.net/flottecie/Delta%20Air%20Lines-active-b767.htm
N199DN,28456,690,Boeing 767,b767,767-332ER,Active,02/03/1998,https://www.airfleets.net/flottecie/Delta%20Air%20Lines-active-b767.htm
N301DU,55069,,Airbus A220,csr,220-371,Active,17/03/2021,https://www.airfleets.net/flottecie/Delta%20Air%20Lines-active-csr-35.htm
N301DV,6923,,Airbus A321,a321,321-213,Active,30/06/2017,https://www.airfleets.net/flottecie/Delta%20Air%20Lines-active-a321.htm
N301NB,1058,,Airbus A319,a319,319-114,Active,01/02/2010,https://www.airfleets.net/flottecie/Delta%20Air%20Lines-active-a319.htm
N302DN,7031,,Airbus A321,a321,321-213,Active,13/04/2016,https://www.airfleets.net/flottecie/Delta%20Air%20Lines-active-a321.htm
N302DU,55070,,Airbus A220,csr,220-371,Active,22/10/2020,https://www.airfleets.net/flottecie/Delta%20Air%20Lines-active-csr-35.htm
N302NB,1062,,Airbus A319,a319,319-114,Active,01/02/2010,https://www.airfleets.net/flottecie/Delta%20Air%20Lines-active-a319.htm
N303DN,7061,,Airbus A321,a321,321-213,Active,30/04/2016,https://www.airfleets.net/flottecie/Delta%20Air%20Lines-active-a321.htm
N303DU,55075,,Airbus A220,csr,220-371,Active,23/10/2020,https://www.airfleets.net/flottecie/Delta%20Air%20Lines-active-csr-35.htm
N304DN,7112,,Airbus A321,a321,321-213,Active,01/07/2016,https://www.airfleets.net/flottecie/Delta%20Air%20Lines-active-a321.htm
N304DU,55080,,Airbus A220,csr,220-371,Active,26/10/2020,https://www.airfleets.net/flottecie/Delta%20Air%20Lines-active-csr-35.htm
N305DN,7149,,Airbus A321,a321,321-213,Active,11/06/2016,https://www.airfleets.net/flottecie/Delta%20Air%20Lines-active-a321.htm
N305DU,55084,,Airbus A220,csr,220-371,Active,30/10/2020,https://www.airfleets.net/flottecie/Delta%20Air%20Lines-active-csr-35.htm
N306DN,7165,,Airbus A321,a321,321-213,Active,15/07/2016,https://www.airfleets.net/flottecie/Delta%20Air%20Lines-active-a321.htm
N306DU,55085,,Airbus A220,csr,220-371,Active,07/12/2020,https://www.airfleets.net/flottecie/Delta%20Air%20Lines-active-csr-35.htm
N307DU,55096,,Airbus A220,csr,220-371,Active,01/02/2021,https://www.airfleets.net/flottecie/Delta%20Air%20Lines-active-csr-35.htm
N307DX,7214,,Airbus A321,a321,321-213,Active,30/07/2016,https://www.airfleets.net/flottecie/Delta%20Air%20Lines-active-a321.htm
N308DN,7233,,Airbus A321,a321,321-213,Active,13/08/2016,https://www.airfleets.net/flottecie/Delta%20Air%20Lines-active-a321.htm
N308DU,55101,,Airbus A220,csr,220-371,Active,13/04/2021,https://www.airfleets.net/flottecie/Delta%20Air%20Lines-active-csr-35.htm
N309DN,7268,,Airbus A321,a321,321-213,Active,19/08/2016,https://www.airfleets.net/flottecie/Delta%20Air%20Lines-active-a321.htm
N309DU,55107,,Airbus A220,csr,220-371,Active,10/06/2021,https://www.airfleets.net/flottecie/Delta%20Air%20Lines-active-csr-35.htm
N310DN,7293,,Airbus A321,a321,321-213,Active,10/09/2016,https://www.airfleets.net/flottecie/Delta%20Air%20Lines-active-a321.htm
N310DU,55142,,Airbus A220,csr,220-371,Active,16/12/2021,https://www.airfleets.net/flottecie/Delta%20Air%20Lines-active-csr-35.htm
N311DN,7304,,Airbus A321,a321,321-213,Active,22/09/2016,https://www.airfleets.net/flottecie/Delta%20Air%20Lines-active-a321.htm
N311DU,55153,,Airbus A220,csr,220-371,Active,16/06/2022,https://www.airfleets.net/flottecie/Delta%20Air%20Lines-active-csr-35.htm
N312DN,7364,,Airbus A321,a321,321-213,Active,02/11/2016,https://www.airfleets.net/flottecie/Delta%20Air%20Lines-active-a321.htm
N312DU,55170,,Airbus A220,csr,220-371,Active,30/09/2022,https://www.airfleets.net/flottecie/Delta%20Air%20Lines-active-csr-35.htm
N313DN,7381,,Airbus A321,a321,321-211,Active,10/11/2016,https://www.airfleets.net/flottecie/Delta%20Air%20Lines-active-a321.htm
N313DU,55175,,Airbus A220,csr,220-371,Active,08/11/2022,https://www.airfleets.net/flottecie/Delta%20Air%20Lines-active-csr-35.htm
N314DN,7281,,Airbus A321,a321,321-213,Active,02/12/2016,https://www.airfleets.net/flottecie/Delta%20Air%20Lines-active-a321.htm
N314DU,55192,,Airbus A220,csr,220-371,Active,24/02/2023,https://www.airfleets.net/flottecie/Delta%20Air%20Lines-active-csr-35.htm
N314NB,1191,,Airbus A319,a319,319-114,Active,01/02/2010,https://www.airfleets.net/flottecie/Delta%20Air%20Lines-active-a319.htm
N315DN,7436,,Airbus A321,a321,321-213,Active,08/12/2016,https://www.airfleets.net/flottecie/Delta%20Air%20Lines-active-a321.htm
N315DU,55195,,Airbus A220,csr,220-371,Active,30/12/2022,https://www.airfleets.net/flottecie/Delta%20Air%20Lines-active-csr-35.htm
N315NB,1230,,Airbus A319,a319,319-114,Active,26/12/2009,https://www.airfleets.net/flottecie/Delta%20Air%20Lines-active-a319.htm
N316DN,7327,,Airbus A321,a321,321-211,Active,20/01/2017,https://www.airfleets.net/flottecie/Delta%20Air%20Lines-active-a321.htm
N316DU,55207,,Airbus A220,csr,220-371,Active,27/06/2023,https://www.airfleets.net/flottecie/Delta%20Air%20Lines-active-csr-35.htm
N316NB,1249,,Airbus A319,a319,319-114,Active,10/01/2010,https://www.airfleets.net/flottecie/Delta%20Air%20Lines-active-a319.htm
N317DN,7373,,Airbus A321,a321,321-211,Active,10/02/2017,https://www.airfleets.net/flottecie/Delta%20Air%20Lines-active-a321.htm
N317DU,55212,,Airbus A220,csr,220-371,Active,01/08/2023,https://www.airfleets.net/flottecie/Delta%20Air%20Lines-active-csr-35.htm
N317NB,1324,,Airbus A319,a319,319-114,Active,01/09/2009,https://www.airfleets.net/flottecie/Delta%20Air%20Lines-active-a319.htm
N318DU,55220,,Airbus A220,csr,220-371,Active,01/09/2023,https://www.airfleets.net/flottecie/Delta%20Air%20Lines-active-csr-35.htm
N318DX,7441,,Airbus A321,a321,321-213,Active,21/03/2017,https://www.airfleets.net/flottecie/Delta%20Air%20Lines-active-a321.htm
N318NB,1325,,Airbus A319,a319,319-114,Active,22/11/2009,https://www.airfleets.net/flottecie/Delta%20Air%20Lines-active-a319.htm
N319DN,7479,,Airbus A321,a321,321-211,Active,13/04/2017,https://www.airfleets.net/flottecie/Delta%20Air%20Lines-active-a321.htm
N319DU,55228,,Airbus A220,csr,220-371,Active,30/10/2023,https://www.airfleets.net/flottecie/Delta%20Air%20Lines-active-csr-35.htm
N319NB,1346,,Airbus A319,a319,319-114,Active,06/12/2009,https://www.airfleets.net/flottecie/Delta%20Air%20Lines-active-a319.htm
N320DN,7546,,Airbus A321,a321,321-211,Active,18/05/2017,https://www.airfleets.net/flottecie/Delta%20Air%20Lines-active-a321.htm
N320DU,55237,,Airbus A220,csr,220-371,Active,21/11/2023,https://www.airfleets.net/flottecie/Delta%20Air%20Lines-active-csr-35.htm
N320NB,1392,,Airbus A319,a319,319-114,Active,06/12/2009,https://www.airfleets.net/flottecie/Delta%20Air%20Lines-active-a319.htm
N321DH,7592,,Airbus A321,a321,321-211,Active,12/06/2017,https://www.airfleets.net/flottecie/Delta%20Air%20Lines-active-a321.htm
N321DU,55256,,Airbus A220,csr,220-371,Active,19/12/2023,https://www.airfleets.net/flottecie/Delta%20Air%20Lines-active-csr-35.htm
N321NB,1414,,Airbus A319,a319,319-114,Active,01/11/2009,https://www.airfleets.net/flottecie/Delta%20Air%20Lines-active-a319.htm
N322DN,7707,,Airbus A321,a321,321-211,Active,21/06/2017,https://www.airfleets.net/flottecie/Delta%20Air%20Lines-active-a321.htm
N322DU,55266,,Airbus A220,csr,220-371,Active,01/03/2024,https://www.airfleets.net/flottecie/Delta%20Air%20Lines-active-csr-35.htm
N322NB,1434,,Airbus A319,a319,319-114,Active,17/10/2009,https://www.airfleets.net/flottecie/Delta%20Air%20Lines-active-a319.htm
N323DN,7672,,Airbus A321,a321,321-211,Active,21/07/2017,https://www.airfleets.net/flottecie/Delta%20Air%20Lines-active-a321.htm
N323DU,55259,,Airbus A220,csr,220-371,Active,21/12/2023,https://www.airfleets.net/flottecie/Delta%20Air%20Lines-active-csr-35.htm
N323NB,1453,,Airbus A319,a319,319-114,Active,30/08/2009,https://www.airfleets.net/flottecie/Delta%20Air%20Lines-active-a319.htm
N324DU,55261,,Airbus A220,csr,220-371,Active,28/12/2023,https://www.airfleets.net/flottecie/Delta%20Air%20Lines-active-csr-35.htm
N324DX,7765,,Airbus A321,a321,321-211,Active,18/07/2017,https://www.airfleets.net/flottecie/Delta%20Air%20Lines-active-a321.htm
N324NB,1456,,Airbus A319,a319,319-114,Active,10/02/2010,https://www.airfleets.net/flottecie/Delta%20Air%20Lines-active-a319.htm
N325DN,7709,,Airbus A321,a321,321-211,Active,11/08/2017,https://www.airfleets.net/flottecie/Delta%20Air%20Lines-active-a321.htm
N325DU,55272,,Airbus A220,csr,220-371,Active,18/04/2024,https://www.airfleets.net/flottecie/Delta%20Air%20Lines-active-csr-35.htm
N325NB,1483,,Airbus A319,a319,319-114,Active,15/11/2009,https://www.airfleets.net/flottecie/Delta%20Air%20Lines-active-a319.htm
N325US,281,,Airbus A320,a320,320-211,Active,20/06/2009,https://www.airfleets.net/flottecie/Delta%20Air%20Lines-active-a320.htm
N326DN,7845,,Airbus A321,a321,321-211,Active,23/09/2017,https://www.airfleets.net/flottecie/Delta%20Air%20Lines-active-a321.htm
N326DU,55297,,Airbus A220,csr,220-371,Active,30/10/2024,https://www.airfleets.net/flottecie/Delta%20Air%20Lines-active-csr-70.htm
N326NB,1498,,Airbus A319,a319,319-114,Active,15/11/2009,https://www.airfleets.net/flottecie/Delta%20Air%20Lines-active-a319.htm
N327DN,7777,,Airbus A321,a321,321-211,Active,02/10/2017,https://www.airfleets.net/flottecie/Delta%20Air%20Lines-active-a321.htm
N327DU,55307,,Airbus A220,csr,220-371,Active,13/11/2024,https://www.airfleets.net/flottecie/Delta%20Air%20Lines-active-csr-70.htm
N327NB,1501,,Airbus A319,a319,319-114,Active,06/12/2009,https://www.airfleets.net/flottecie/Delta%20Air%20Lines-active-a319.htm
N328DN,7840,,Airbus A321,a321,321-211,Active,01/11/2017,https://www.airfleets.net/flottecie/Delta%20Air%20Lines-active-a321.htm
N328DU,55279,,Airbus A220,csr,220-371,Active,23/05/2024,https://www.airfleets.net/flottecie/Delta%20Air%20Lines-active-csr-70.htm
N328NB,1520,,Airbus A319,a319,319-114,Active,22/11/2009,https://www.airfleets.net/flottecie/Delta%20Air%20Lines-active-a319.htm
N328NW,298,,Airbus A320,a320,320-211,Parked,15/11/2009,https://www.airfleets.net/flottecie/Delta%20Air%20Lines-active-a320.htm
N329DN,7885,,Airbus A321,a321,321-211,Active,27/11/2017,https://www.airfleets.net/flottecie/Delta%20Air%20Lines-active-a321.htm
N329DU,55328,,Airbus A220,csr,220-371,Active,22/04/2025,https://www.airfleets.net/flottecie/Delta%20Air%20Lines-active-csr-70.htm
N329NB,1543,,Airbus A319,a319,319-114,Active,22/11/2009,https://www.airfleets.net/flottecie/Delta%20Air%20Lines-active-a319.htm
N329NW,306,,Airbus A320,a320,320-211,Active,25/06/2009,https://www.airfleets.net/flottecie/Delta%20Air%20Lines-active-a320.htm
N330DU,55331,,Airbus A220,csr,220-371,Active,30/01/2025,https://www.airfleets.net/flottecie/Delta%20Air%20Lines-active-csr-70.htm
N330DX,7896,,Airbus A321,a321,321-211,Active,06/12/2017,https://www.airfleets.net/flottecie/Delta%20Air%20Lines-active-a321.htm
N330NB,1549,,Airbus A319,a319,319-114,Active,02/08/2009,https://www.airfleets.net/flottecie/Delta%20Air%20Lines-active-a319.htm
N331DN,7943,,Airbus A321,a321,321-211,Active,15/12/2017,https://www.airfleets.net/flottecie/Delta%20Air%20Lines-active-a321.htm
N331DU,55336,,Airbus A220,csr,220-371,Active,20/03/2025,https://www.airfleets.net/flottecie/Delta%20Air%20Lines-active-csr-70.htm
N331NB,1567,,Airbus A319,a319,319-114,Active,22/11/2009,https://www.airfleets.net/flottecie/Delta%20Air%20Lines-active-a319.htm
N332DN,7973,,Airbus A321,a321,321-213,Active,27/12/2017,https://www.airfleets.net/flottecie/Delta%20Air%20Lines-active-a321.htm
N332DU,55337,,Airbus A220,csr,220-371,Active,14/02/2025,https://www.airfleets.net/flottecie/Delta%20Air%20Lines-active-csr-70.htm
N332NB,1570,,Airbus A319,a319,319-114,Active,06/12/2009,https://www.airfleets.net/flottecie/Delta%20Air%20Lines-active-a319.htm
N333DU,55349,,Airbus A220,csr,220-371,Active,29/04/2025,https://www.airfleets.net/flottecie/Delta%20Air%20Lines-active-csr-70.htm
N333DX,8026,,Airbus A321,a321,321-211,Active,21/12/2017,https://www.airfleets.net/flottecie/Delta%20Air%20Lines-active-a321.htm
N333NB,1582,,Airbus A319,a319,319-114,Active,28/09/2009,https://www.airfleets.net/flottecie/Delta%20Air%20Lines-active-a319.htm
N334DN,8040,,Airbus A321,a321,321-211,Active,23/12/2017,https://www.airfleets.net/flottecie/Delta%20Air%20Lines-active-a321.htm
N334DU,55374,,Airbus A220,csr,220-371,Active,12/08/2025,https://www.airfleets.net/flottecie/Delta%20Air%20Lines-active-csr-70.htm
N334NB,1659,,Airbus A319,a319,319-114,Active,13/11/2009,https://www.airfleets.net/flottecie/Delta%20Air%20Lines-active-a319.htm
N334NW,339,,Airbus A320,a320,320-212,Active,31/07/2009,https://www.airfleets.net/flottecie/Delta%20Air%20Lines-active-a320.htm
N335DN,8036,,Airbus A321,a321,321-213,Active,01/02/2018,https://www.airfleets.net/flottecie/Delta%20Air%20Lines-active-a321.htm
N335DU,55377,,Airbus A220,csr,220-371,Active,23/10/2025,https://www.airfleets.net/flottecie/Delta%20Air%20Lines-active-csr-70.htm
N335NB,1662,,Airbus A319,a319,319-114,Active,01/02/2010,https://www.airfleets.net/flottecie/Delta%20Air%20Lines-active-a319.htm
N335NW,340,,Airbus A320,a320,320-212,Active,01/07/2009,https://www.airfleets.net/flottecie/Delta%20Air%20Lines-active-a320.htm
N336DU,55364,,Airbus A220,csr,220-371,Active,23/10/2025,https://www.airfleets.net/flottecie/Delta%20Air%20Lines-active-csr-70.htm
N336DX,8063,,Airbus A321,a321,321-211,Active,20/02/2018,https://www.airfleets.net/flottecie/Delta%20Air%20Lines-active-a321-35.htm
N336NB,1683,,Airbus A319,a319,319-114,Active,01/02/2010,https://www.airfleets.net/flottecie/Delta%20Air%20Lines-active-a319.htm
N336NW,355,,Airbus A320,a320,320-212,Active,22/11/2009,https://www.airfleets.net/flottecie/Delta%20Air%20Lines-active-a320.htm
N337DN,8080,,Airbus A321,a321,321-211,Active,27/02/2018,https://www.airfleets.net/flottecie/Delta%20Air%20Lines-active-a321-35.htm
N337DU,55411,,Airbus A220,csr,220-371,Active,12/02/2026,https://www.airfleets.net/flottecie/Delta%20Air%20Lines-active-csr-70.htm
N337NB,1685,,Airbus A319,a319,319-114,Active,15/11/2009,https://www.airfleets.net/flottecie/Delta%20Air%20Lines-active-a319.htm
N338DN,8078,,Airbus A321,a321,321-211,Active,14/02/2018,https://www.airfleets.net/flottecie/Delta%20Air%20Lines-active-a321-35.htm
N338DU,55414,,Airbus A220,csr,220-371,Active,05/03/2026,https://www.airfleets.net/flottecie/Delta%20Air%20Lines-active-csr-70.htm
N338NB,1693,,Airbus A319,a319,319-114,Active,26/12/2009,https://www.airfleets.net/flottecie/Delta%20Air%20Lines-active-a319.htm
N339DN,8128,,Airbus A321,a321,321-211,Active,06/03/2018,https://www.airfleets.net/flottecie/Delta%20Air%20Lines-active-a321-35.htm
N339DU,55429,,Airbus A220,csr,220-371,Active,14/05/2026,https://www.airfleets.net/flottecie/Delta%20Air%20Lines-active-csr-70.htm
N339NB,1709,,Airbus A319,a319,319-114,Active,26/12/2009,https://www.airfleets.net/flottecie/Delta%20Air%20Lines-active-a319.htm
N340DN,8180,,Airbus A321,a321,321-211,Active,09/03/2018,https://www.airfleets.net/flottecie/Delta%20Air%20Lines-active-a321-35.htm
N340DU,55437,,Airbus A220,csr,220-371,Active,03/06/2026,https://www.airfleets.net/flottecie/Delta%20Air%20Lines-active-csr-70.htm
N340NB,1714,,Airbus A319,a319,319-114,Active,22/11/2009,https://www.airfleets.net/flottecie/Delta%20Air%20Lines-active-a319.htm
N340NW,372,,Airbus A320,a320,320-212,Active,20/01/2010,https://www.airfleets.net/flottecie/Delta%20Air%20Lines-active-a320.htm
N341DN,8134,,Airbus A321,a321,321-211,Active,16/03/2018,https://www.airfleets.net/flottecie/Delta%20Air%20Lines-active-a321-35.htm
N341DU,55439,,Airbus A220,csr,220-371,Active,01/05/2026,https://www.airfleets.net/flottecie/Delta%20Air%20Lines-active-csr-70.htm
N341NB,1738,,Airbus A319,a319,319-114,Active,30/08/2009,https://www.airfleets.net/flottecie/Delta%20Air%20Lines-active-a319.htm
N341NW,380,,Airbus A320,a320,320-212,Active,26/12/2009,https://www.airfleets.net/flottecie/Delta%20Air%20Lines-active-a320.htm
N342DN,8159,,Airbus A321,a321,321-211,Active,07/03/2018,https://www.airfleets.net/flottecie/Delta%20Air%20Lines-active-a321-35.htm
N342DU,55451,,Airbus A220,csr,220-371,Active,04/08/2026,https://www.airfleets.net/flottecie/Delta%20Air%20Lines-active-csr-70.htm
N342NB,1746,,Airbus A319,a319,319-114,Active,01/02/2010,https://www.airfleets.net/flottecie/Delta%20Air%20Lines-active-a319.htm
N342NW,381,,Airbus A320,a320,320-212,Parked,01/02/2010,https://www.airfleets.net/flottecie/Delta%20Air%20Lines-active-a320.htm
N343DN,8200,,Airbus A321,a321,321-211,Active,18/05/2018,https://www.airfleets.net/flottecie/Delta%20Air%20Lines-active-a321-35.htm
N343DU,55454,,Airbus A220,csr,220-371,Active,30/06/2026,https://www.airfleets.net/flottecie/Delta%20Air%20Lines-active-csr-70.htm
N343NB,1752,,Airbus A319,a319,319-114,Active,01/05/2009,https://www.airfleets.net/flottecie/Delta%20Air%20Lines-active-a319.htm
N343NW,387,,Airbus A320,a320,320-212,Active,22/11/2000,https://www.airfleets.net/flottecie/Delta%20Air%20Lines-active-a320.htm
N344DN,8171,,Airbus A321,a321,321-211,Active,13/04/2018,https://www.airfleets.net/flottecie/Delta%20Air%20Lines-active-a321-35.htm
N344DU,55462,,Airbus A220,csr,220-371,Active,17/07/2026,https://www.airfleets.net/flottecie/Delta%20Air%20Lines-active-csr-70.htm
N344NB,1766,,Airbus A319,a319,319-114,Active,01/05/2009,https://www.airfleets.net/flottecie/Delta%20Air%20Lines-active-a319.htm
N344NW,388,,Airbus A320,a320,320-212,Active,26/12/2009,https://www.airfleets.net/flottecie/Delta%20Air%20Lines-active-a320.htm
N345DN,8191,,Airbus A321,a321,321-211,Active,30/04/2018,https://www.airfleets.net/flottecie/Delta%20Air%20Lines-active-a321-35.htm
N345DU,55469,,Airbus A220,csr,220-371,Active,19/08/2026,https://www.airfleets.net/flottecie/Delta%20Air%20Lines-active-csr-70.htm
N345NB,1774,,Airbus A319,a319,319-114,Active,07/10/2009,https://www.airfleets.net/flottecie/Delta%20Air%20Lines-active-a319.htm
N345NW,399,,Airbus A320,a320,320-212,Active,24/09/2009,https://www.airfleets.net/flottecie/Delta%20Air%20Lines-active-a320.htm
N346DN,8227,,Airbus A321,a321,321-211,Active,10/04/2018,https://www.airfleets.net/flottecie/Delta%20Air%20Lines-active-a321-35.htm
N346NB,1796,,Airbus A319,a319,319-114,Active,29/09/2009,https://www.airfleets.net/flottecie/Delta%20Air%20Lines-active-a319.htm
N347DN,8250,,Airbus A321,a321,321-211,Active,12/06/2018,https://www.airfleets.net/flottecie/Delta%20Air%20Lines-active-a321-35.htm
N347NB,1800,,Airbus A319,a319,319-114,Active,24/09/2009,https://www.airfleets.net/flottecie/Delta%20Air%20Lines-active-a319-35.htm
N347NW,408,,Airbus A320,a320,320-212,Active,01/01/2010,https://www.airfleets.net/flottecie/Delta%20Air%20Lines-active-a320.htm
N348DN,8258,,Airbus A321,a321,321-211,Active,16/05/2018,https://www.airfleets.net/flottecie/Delta%20Air%20Lines-active-a321-35.htm
N348NB,1810,,Airbus A319,a319,319-114,Active,01/02/2009,https://www.airfleets.net/flottecie/Delta%20Air%20Lines-active-a319-35.htm
N348NW,410,,Airbus A320,a320,320-212,Active,27/07/2009,https://www.airfleets.net/flottecie/Delta%20Air%20Lines-active-a320.htm
N349DX,8233,,Airbus A321,a321,321-211,Active,25/05/2018,https://www.airfleets.net/flottecie/Delta%20Air%20Lines-active-a321-35.htm
N349NB,1815,,Airbus A319,a319,319-114,Active,15/03/2009,https://www.airfleets.net/flottecie/Delta%20Air%20Lines-active-a319-35.htm
N349NW,417,,Airbus A320,a320,320-212,Active,01/02/2010,https://www.airfleets.net/flottecie/Delta%20Air%20Lines-active-a320.htm
N350DN,8207,,Airbus A321,a321,321-211,Active,15/05/2018,https://www.airfleets.net/flottecie/Delta%20Air%20Lines-active-a321-35.htm
N350NA,418,,Airbus A320,a320,320-212,Active,15/11/2009,https://www.airfleets.net/flottecie/Delta%20Air%20Lines-active-a320.htm
N351DN,8251,,Airbus A321,a321,321-211,Active,31/05/2018,https://www.airfleets.net/flottecie/Delta%20Air%20Lines-active-a321-35.htm
N351NB,1820,,Airbus A319,a319,319-114,Active,01/07/2009,https://www.airfleets.net/flottecie/Delta%20Air%20Lines-active-a319-35.htm
N351NW,766,,Airbus A320,a320,320-212,Active,30/08/2009,https://www.airfleets.net/flottecie/Delta%20Air%20Lines-active-a320.htm
N352DN,8283,,Airbus A321,a321,321-211,Active,16/05/2018,https://www.airfleets.net/flottecie/Delta%20Air%20Lines-active-a321-35.htm
N352NB,1824,,Airbus A319,a319,319-114,Active,15/07/2009,https://www.airfleets.net/flottecie/Delta%20Air%20Lines-active-a319-35.htm
N352NW,778,,Airbus A320,a320,320-212,Active,22/11/2009,https://www.airfleets.net/flottecie/Delta%20Air%20Lines-active-a320.htm
N353DN,8322,,Airbus A321,a321,321-211,Active,27/06/2018,https://www.airfleets.net/flottecie/Delta%20Air%20Lines-active-a321-35.htm
N353NB,1828,,Airbus A319,a319,319-114,Active,01/05/2009,https://www.airfleets.net/flottecie/Delta%20Air%20Lines-active-a319-35.htm
N353NW,786,,Airbus A320,a320,320-212,Active,01/01/2010,https://www.airfleets.net/flottecie/Delta%20Air%20Lines-active-a320.htm
N354DN,8332,,Airbus A321,a321,321-211,Active,10/07/2018,https://www.airfleets.net/flottecie/Delta%20Air%20Lines-active-a321-35.htm
N354NB,1833,,Airbus A319,a319,319-114,Active,24/09/2009,https://www.airfleets.net/flottecie/Delta%20Air%20Lines-active-a319-35.htm
N354NW,801,,Airbus A320,a320,320-212,Active,13/11/2009,https://www.airfleets.net/flottecie/Delta%20Air%20Lines-active-a320.htm
N355DN,8359,,Airbus A321,a321,321-211,Active,28/06/2018,https://www.airfleets.net/flottecie/Delta%20Air%20Lines-active-a321-35.htm
N355NB,1839,,Airbus A319,a319,319-114,Active,25/06/2009,https://www.airfleets.net/flottecie/Delta%20Air%20Lines-active-a319-35.htm
N355NW,807,,Airbus A320,a320,320-212,Active,26/12/2009,https://www.airfleets.net/flottecie/Delta%20Air%20Lines-active-a320.htm
N356DN,8279,,Airbus A321,a321,321-211,Active,19/06/2018,https://www.airfleets.net/flottecie/Delta%20Air%20Lines-active-a321-35.htm
N356NW,818,,Airbus A320,a320,320-212,Active,01/01/2010,https://www.airfleets.net/flottecie/Delta%20Air%20Lines-active-a320.htm
N357DN,8339,,Airbus A321,a321,321-211,Active,30/06/2018,https://www.airfleets.net/flottecie/Delta%20Air%20Lines-active-a321-35.htm
N357NB,1875,,Airbus A319,a319,319-114,Active,15/05/2009,https://www.airfleets.net/flottecie/Delta%20Air%20Lines-active-a319-35.htm
N357NW,830,,Airbus A320,a320,320-212,Active,01/01/2010,https://www.airfleets.net/flottecie/Delta%20Air%20Lines-active-a320.htm
N358DN,8316,,Airbus A321,a321,321-211,Active,11/07/2018,https://www.airfleets.net/flottecie/Delta%20Air%20Lines-active-a321-35.htm
N358NB,1897,,Airbus A319,a319,319-114,Active,05/10/2009,https://www.airfleets.net/flottecie/Delta%20Air%20Lines-active-a319-35.htm
N358NW,832,,Airbus A320,a320,320-212,Active,04/07/2009,https://www.airfleets.net/flottecie/Delta%20Air%20Lines-active-a320.htm
N359DN,8370,,Airbus A321,a321,321-211,Active,01/08/2018,https://www.airfleets.net/flottecie/Delta%20Air%20Lines-active-a321-35.htm
N359NB,1923,,Airbus A319,a319,319-114,Active,26/10/2009,https://www.airfleets.net/flottecie/Delta%20Air%20Lines-active-a319-35.htm
N359NW,846,,Airbus A320,a320,320-212,Active,26/10/2009,https://www.airfleets.net/flottecie/Delta%20Air%20Lines-active-a320.htm
N360DN,8388,,Airbus A321,a321,321-211,Active,24/08/2018,https://www.airfleets.net/flottecie/Delta%20Air%20Lines-active-a321-35.htm
N360NB,1959,,Airbus A319,a319,319-114,Active,24/09/2009,https://www.airfleets.net/flottecie/Delta%20Air%20Lines-active-a319-35.htm
N360NW,903,,Airbus A320,a320,320-212,Active,10/02/2010,https://www.airfleets.net/flottecie/Delta%20Air%20Lines-active-a320.htm
N361DN,8423,,Airbus A321,a321,321-211,Active,31/08/2018,https://www.airfleets.net/flottecie/Delta%20Air%20Lines-active-a321-35.htm
N361NB,1976,,Airbus A319,a319,319-114,Active,22/11/2009,https://www.airfleets.net/flottecie/Delta%20Air%20Lines-active-a319-35.htm
N361NW,907,,Airbus A320,a320,320-212,Active,26/07/2009,https://www.airfleets.net/flottecie/Delta%20Air%20Lines-active-a320.htm
N362DN,8447,,Airbus A321,a321,321-211,Active,14/09/2018,https://www.airfleets.net/flottecie/Delta%20Air%20Lines-active-a321-35.htm
N362NB,1982,,Airbus A319,a319,319-114,Active,27/07/2009,https://www.airfleets.net/flottecie/Delta%20Air%20Lines-active-a319-35.htm
N362NW,911,,Airbus A320,a320,320-212,Active,31/07/2009,https://www.airfleets.net/flottecie/Delta%20Air%20Lines-active-a320.htm
N363DN,8502,,Airbus A321,a321,321-211,Active,28/09/2018,https://www.airfleets.net/flottecie/Delta%20Air%20Lines-active-a321-35.htm
N363NB,1990,,Airbus A319,a319,319-114,Active,22/11/2009,https://www.airfleets.net/flottecie/Delta%20Air%20Lines-active-a319-35.htm
N363NW,923,,Airbus A320,a320,320-212,Active,22/11/2009,https://www.airfleets.net/flottecie/Delta%20Air%20Lines-active-a320.htm
N364DX,8530,,Airbus A321,a321,321-211,Active,19/10/2018,https://www.airfleets.net/flottecie/Delta%20Air%20Lines-active-a321-35.htm
N364NB,2002,,Airbus A319,a319,319-114,Active,22/11/2009,https://www.airfleets.net/flottecie/Delta%20Air%20Lines-active-a319-35.htm
N364NW,962,,Airbus A320,a320,320-212,Active,08/07/2009,https://www.airfleets.net/flottecie/Delta%20Air%20Lines-active-a320.htm
N365DN,8536,,Airbus A321,a321,321-211,Active,08/11/2018,https://www.airfleets.net/flottecie/Delta%20Air%20Lines-active-a321-35.htm
N365NB,2013,,Airbus A319,a319,319-114,Active,24/09/2009,https://www.airfleets.net/flottecie/Delta%20Air%20Lines-active-a319-35.htm
N365NW,964,,Airbus A320,a320,320-212,Active,17/10/2009,https://www.airfleets.net/flottecie/Delta%20Air%20Lines-active-a320.htm
N366DX,8694,,Airbus A321,a321,321-211,Active,24/01/2019,https://www.airfleets.net/flottecie/Delta%20Air%20Lines-active-a321-35.htm
N366NB,2026,,Airbus A319,a319,319-114,Active,13/11/2009,https://www.airfleets.net/flottecie/Delta%20Air%20Lines-active-a319-35.htm
N366NW,981,,Airbus A320,a320,320-212,Active,05/01/2010,https://www.airfleets.net/flottecie/Delta%20Air%20Lines-active-a320.htm
N367DN,8713,,Airbus A321,a321,321-211,Active,31/01/2019,https://www.airfleets.net/flottecie/Delta%20Air%20Lines-active-a321-35.htm
N367NW,988,,Airbus A320,a320,320-212,Active,10/01/2010,https://www.airfleets.net/flottecie/Delta%20Air%20Lines-active-a320.htm
N368DN,8695,,Airbus A321,a321,321-211,Active,29/01/2019,https://www.airfleets.net/flottecie/Delta%20Air%20Lines-active-a321-35.htm
N368NB,2039,,Airbus A319,a319,319-114,Active,26/12/2009,https://www.airfleets.net/flottecie/Delta%20Air%20Lines-active-a319-35.htm
N368NW,996,,Airbus A320,a320,320-212,Active,22/01/2010,https://www.airfleets.net/flottecie/Delta%20Air%20Lines-active-a320.htm
N369DN,8697,,Airbus A321,a321,321-211,Active,08/02/2019,https://www.airfleets.net/flottecie/Delta%20Air%20Lines-active-a321-35.htm
N369NB,2047,,Airbus A319,a319,319-114,Active,26/12/2009,https://www.airfleets.net/flottecie/Delta%20Air%20Lines-active-a319-35.htm
N369NW,1011,,Airbus A320,a320,320-212,Active,04/06/2009,https://www.airfleets.net/flottecie/Delta%20Air%20Lines-active-a320.htm
N370DN,8765,,Airbus A321,a321,321-211,Active,01/03/2019,https://www.airfleets.net/flottecie/Delta%20Air%20Lines-active-a321-70.htm
N370NB,2087,,Airbus A319,a319,319-114,Active,05/01/2010,https://www.airfleets.net/flottecie/Delta%20Air%20Lines-active-a319-35.htm
N370NW,1037,,Airbus A320,a320,320-212,Active,10/02/2010,https://www.airfleets.net/flottecie/Delta%20Air%20Lines-active-a320-35.htm
N371DA,29619,115,Boeing 737 NG / Max,b737ng,737-832,Active,22/10/1998,https://www.airfleets.net/flottecie/Delta%20Air%20Lines-active-b737ng.htm
N371DN,8763,,Airbus A321,a321,321-211,Active,14/02/2019,https://www.airfleets.net/flottecie/Delta%20Air%20Lines-active-a321-70.htm
N371NB,2095,,Airbus A319,a319,319-114,Active,26/12/2009,https://www.airfleets.net/flottecie/Delta%20Air%20Lines-active-a319-35.htm
N371NW,1535,,Airbus A320,a320,320-212,Active,22/11/2009,https://www.airfleets.net/flottecie/Delta%20Air%20Lines-active-a320-35.htm
N372DA,29620,118,Boeing 737 NG / Max,b737ng,737-832,Active,26/10/1998,https://www.airfleets.net/flottecie/Delta%20Air%20Lines-active-b737ng.htm
N372DN,8809,,Airbus A321,a321,321-211,Active,14/03/2019,https://www.airfleets.net/flottecie/Delta%20Air%20Lines-active-a321-70.htm
N372NW,1633,,Airbus A320,a320,320-212,Active,01/05/2009,https://www.airfleets.net/flottecie/Delta%20Air%20Lines-active-a320-35.htm
N3730B,30538,662,Boeing 737 NG / Max,b737ng,737-832,Active,22/09/2000,https://www.airfleets.net/flottecie/Delta%20Air%20Lines-active-b737ng-35.htm
N3731T,30775,665,Boeing 737 NG / Max,b737ng,737-832,Active,29/09/2000,https://www.airfleets.net/flottecie/Delta%20Air%20Lines-active-b737ng-35.htm
N3732J,30380,674,Boeing 737 NG / Max,b737ng,737-832,Active,04/10/2000,https://www.airfleets.net/flottecie/Delta%20Air%20Lines-active-b737ng.htm
N3733Z,30539,685,Boeing 737 NG / Max,b737ng,737-832,Active,27/10/2000,https://www.airfleets.net/flottecie/Delta%20Air%20Lines-active-b737ng-35.htm
N3734B,30776,689,Boeing 737 NG / Max,b737ng,737-832,Active,28/10/2000,https://www.airfleets.net/flottecie/Delta%20Air%20Lines-active-b737ng-35.htm
N3735D,30381,694,Boeing 737 NG / Max,b737ng,737-832,Active,03/11/2000,https://www.airfleets.net/flottecie/Delta%20Air%20Lines-active-b737ng.htm
N3736C,30540,709,Boeing 737 NG / Max,b737ng,737-832,Active,27/11/2000,https://www.airfleets.net/flottecie/Delta%20Air%20Lines-active-b737ng-35.htm
N3737C,30799,712,Boeing 737 NG / Max,b737ng,737-832,Active,30/11/2000,https://www.airfleets.net/flottecie/Delta%20Air%20Lines-active-b737ng-35.htm
N3738B,30382,723,Boeing 737 NG / Max,b737ng,737-832,Active,14/12/2000,https://www.airfleets.net/flottecie/Delta%20Air%20Lines-active-b737ng.htm
N3739P,30541,729,Boeing 737 NG / Max,b737ng,737-832,Active,06/11/2002,https://www.airfleets.net/flottecie/Delta%20Air%20Lines-active-b737ng-35.htm
N373DA,29621,123,Boeing 737 NG / Max,b737ng,737-832,Active,27/10/1998,https://www.airfleets.net/flottecie/Delta%20Air%20Lines-active-b737ng.htm
N373DX,8734,,Airbus A321,a321,321-211,Active,08/03/2019,https://www.airfleets.net/flottecie/Delta%20Air%20Lines-active-a321-35.htm
N373NW,1641,,Airbus A320,a320,320-212,Active,10/06/2009,https://www.airfleets.net/flottecie/Delta%20Air%20Lines-active-a320-35.htm
N3740C,30800,732,Boeing 737 NG / Max,b737ng,737-832,Active,14/11/2002,https://www.airfleets.net/flottecie/Delta%20Air%20Lines-active-b737ng-35.htm
N3741S,30487,750,Boeing 737 NG / Max,b737ng,737-832,Active,27/01/2001,https://www.airfleets.net/flottecie/Delta%20Air%20Lines-active-b737ng.htm
N3742C,30835,755,Boeing 737 NG / Max,b737ng,737-832,Active,01/02/2001,https://www.airfleets.net/flottecie/Delta%20Air%20Lines-active-b737ng-35.htm
N3743H,30836,770,Boeing 737 NG / Max,b737ng,737-832,Active,21/02/2001,https://www.airfleets.net/flottecie/Delta%20Air%20Lines-active-b737ng-35.htm
N3744F,30837,805,Boeing 737 NG / Max,b737ng,737-832,Active,24/05/2001,https://www.airfleets.net/flottecie/Delta%20Air%20Lines-active-b737ng-35.htm
N3745B,32373,831,Boeing 737 NG / Max,b737ng,737-832,Active,12/06/2001,https://www.airfleets.net/flottecie/Delta%20Air%20Lines-active-b737ng-140.htm
N3746H,30488,842,Boeing 737 NG / Max,b737ng,737-832,Active,14/06/2001,https://www.airfleets.net/flottecie/Delta%20Air%20Lines-active-b737ng.htm
N3747D,32374,846,Boeing 737 NG / Max,b737ng,737-832,Active,21/05/2001,https://www.airfleets.net/flottecie/Delta%20Air%20Lines-active-b737ng-140.htm
N3748Y,30489,865,Boeing 737 NG / Max,b737ng,737-832,Active,18/06/2001,https://www.airfleets.net/flottecie/Delta%20Air%20Lines-active-b737ng.htm
N3749D,30490,867,Boeing 737 NG / Max,b737ng,737-832,Active,25/06/2001,https://www.airfleets.net/flottecie/Delta%20Air%20Lines-active-b737ng.htm
N374DA,29622,128,Boeing 737 NG / Max,b737ng,737-832,Active,04/11/1998,https://www.airfleets.net/flottecie/Delta%20Air%20Lines-active-b737ng.htm
N374DX,8810,,Airbus A321,a321,321-211,Active,22/03/2019,https://www.airfleets.net/flottecie/Delta%20Air%20Lines-active-a321-70.htm
N374NW,1646,,Airbus A320,a320,320-212,Active,20/05/2009,https://www.airfleets.net/flottecie/Delta%20Air%20Lines-active-a320-35.htm
N3750D,32375,870,Boeing 737 NG / Max,b737ng,737-832,Active,29/06/2001,https://www.airfleets.net/flottecie/Delta%20Air%20Lines-active-b737ng-140.htm
N3751B,30491,892,Boeing 737 NG / Max,b737ng,737-832,Active,16/07/2001,https://www.airfleets.net/flottecie/Delta%20Air%20Lines-active-b737ng-35.htm
N3752,30492,894,Boeing 737 NG / Max,b737ng,737-832,Active,20/07/2001,https://www.airfleets.net/flottecie/Delta%20Air%20Lines-active-b737ng-35.htm
N3753,32626,899,Boeing 737 NG / Max,b737ng,737-832,Active,26/07/2001,https://www.airfleets.net/flottecie/Delta%20Air%20Lines-active-b737ng-140.htm
N3754A,29626,907,Boeing 737 NG / Max,b737ng,737-832,Active,06/08/2001,https://www.airfleets.net/flottecie/Delta%20Air%20Lines-active-b737ng.htm
N3755D,29627,914,Boeing 737 NG / Max,b737ng,737-832,Active,15/08/2001,https://www.airfleets.net/flottecie/Delta%20Air%20Lines-active-b737ng.htm
N3756,30493,917,Boeing 737 NG / Max,b737ng,737-832,Active,04/09/2001,https://www.airfleets.net/flottecie/Delta%20Air%20Lines-active-b737ng-35.htm
N3757D,30813,921,Boeing 737 NG / Max,b737ng,737-832,Active,21/08/2001,https://www.airfleets.net/flottecie/Delta%20Air%20Lines-active-b737ng-35.htm
N3758Y,30814,923,Boeing 737 NG / Max,b737ng,737-832,Active,22/08/2001,https://www.airfleets.net/flottecie/Delta%20Air%20Lines-active-b737ng-35.htm
N3759,30815,949,Boeing 737 NG / Max,b737ng,737-832,Active,20/12/2001,https://www.airfleets.net/flottecie/Delta%20Air%20Lines-active-b737ng-35.htm
N375DN,8812,,Airbus A321,a321,321-211,Active,05/04/2019,https://www.airfleets.net/flottecie/Delta%20Air%20Lines-active-a321-70.htm
N375NC,1789,,Airbus A320,a320,320-212,Active,01/03/2009,https://www.airfleets.net/flottecie/Delta%20Air%20Lines-active-a320-35.htm
N3760C,30816,952,Boeing 737 NG / Max,b737ng,737-832,Active,21/12/2001,https://www.airfleets.net/flottecie/Delta%20Air%20Lines-active-b737ng-35.htm
N3761R,29628,964,Boeing 737 NG / Max,b737ng,737-832,Active,20/12/2001,https://www.airfleets.net/flottecie/Delta%20Air%20Lines-active-b737ng.htm
N3762Y,30817,968,Boeing 737 NG / Max,b737ng,737-832,Active,19/12/2001,https://www.airfleets.net/flottecie/Delta%20Air%20Lines-active-b737ng-35.htm
N3763D,29629,1003,Boeing 737 NG / Max,b737ng,737-832,Active,19/12/2001,https://www.airfleets.net/flottecie/Delta%20Air%20Lines-active-b737ng.htm
N3764D,30818,1006,Boeing 737 NG / Max,b737ng,737-832,Active,22/12/2001,https://www.airfleets.net/flottecie/Delta%20Air%20Lines-active-b737ng-35.htm
N3765,30819,1008,Boeing 737 NG / Max,b737ng,737-832,Active,21/12/2001,https://www.airfleets.net/flottecie/Delta%20Air%20Lines-active-b737ng-35.htm
N3766,30820,1029,Boeing 737 NG / Max,b737ng,737-832,Active,22/12/2001,https://www.airfleets.net/flottecie/Delta%20Air%20Lines-active-b737ng-35.htm
N3767,30821,1031,Boeing 737 NG / Max,b737ng,737-832,Active,18/12/2001,https://www.airfleets.net/flottecie/Delta%20Air%20Lines-active-b737ng-35.htm
N3768,29630,1053,Boeing 737 NG / Max,b737ng,737-832,Active,24/01/2002,https://www.airfleets.net/flottecie/Delta%20Air%20Lines-active-b737ng.htm
N3769L,30822,1057,Boeing 737 NG / Max,b737ng,737-832,Active,31/01/2002,https://www.airfleets.net/flottecie/Delta%20Air%20Lines-active-b737ng-35.htm
N376DA,29624,176,Boeing 737 NG / Max,b737ng,737-832,Active,14/01/1999,https://www.airfleets.net/flottecie/Delta%20Air%20Lines-active-b737ng.htm
N376DN,8858,,Airbus A321,a321,321-211,Active,26/04/2019,https://www.airfleets.net/flottecie/Delta%20Air%20Lines-active-a321-70.htm
N376NW,1812,,Airbus A320,a320,320-212,Active,15/03/2009,https://www.airfleets.net/flottecie/Delta%20Air%20Lines-active-a320-35.htm
N37700,29631,1074,Boeing 737 NG / Max,b737ng,737-832,Active,25/02/2002,https://www.airfleets.net/flottecie/Delta%20Air%20Lines-active-b737ng.htm
N3771K,29632,1103,Boeing 737 NG / Max,b737ng,737-832,Active,04/04/2002,https://www.airfleets.net/flottecie/Delta%20Air%20Lines-active-b737ng.htm
N3772H,30823,3274,Boeing 737 NG / Max,b737ng,737-832,Active,20/07/2010,https://www.airfleets.net/flottecie/Delta%20Air%20Lines-active-b737ng-35.htm
N3773D,30825,3338,Boeing 737 NG / Max,b737ng,737-832,Active,22/07/2010,https://www.airfleets.net/flottecie/Delta%20Air%20Lines-active-b737ng-35.htm
N377DA,29625,264,Boeing 737 NG / Max,b737ng,737-832,Active,10/05/1999,https://www.airfleets.net/flottecie/Delta%20Air%20Lines-active-b737ng.htm
N377DE,39632,4757,Boeing 737 NG / Max,b737ng,737-8EH,Active,20/05/2017,https://www.airfleets.net/flottecie/Delta%20Air%20Lines-active-b737ng-175.htm
N377DN,8856,,Airbus A321,a321,321-211,Active,12/04/2019,https://www.airfleets.net/flottecie/Delta%20Air%20Lines-active-a321-70.htm
N377NW,2082,,Airbus A320,a320,320-211,Active,01/02/2010,https://www.airfleets.net/flottecie/Delta%20Air%20Lines-active-a320-35.htm
N378DA,30265,340,Boeing 737 NG / Max,b737ng,737-832,Active,13/08/1999,https://www.airfleets.net/flottecie/Delta%20Air%20Lines-active-b737ng.htm
N378DN,8822,,Airbus A321,a321,321-211,Active,21/09/2019,https://www.airfleets.net/flottecie/Delta%20Air%20Lines-active-a321-70.htm
N378NW,2092,,Airbus A320,a320,320-211,Active,26/12/2009,https://www.airfleets.net/flottecie/Delta%20Air%20Lines-active-a320-35.htm
N379DA,30349,351,Boeing 737 NG / Max,b737ng,737-832,Active,23/08/1999,https://www.airfleets.net/flottecie/Delta%20Air%20Lines-active-b737ng.htm
N379DN,8914,,Airbus A321,a321,321-211,Active,17/05/2019,https://www.airfleets.net/flottecie/Delta%20Air%20Lines-active-a321-70.htm
N380DA,30266,361,Boeing 737 NG / Max,b737ng,737-832,Active,20/09/1999,https://www.airfleets.net/flottecie/Delta%20Air%20Lines-active-b737ng.htm
N380DN,8915,,Airbus A321,a321,321-211,Active,21/05/2019,https://www.airfleets.net/flottecie/Delta%20Air%20Lines-active-a321-70.htm
N381DN,30350,365,Boeing 737 NG / Max,b737ng,737-832,Active,13/09/1999,https://www.airfleets.net/flottecie/Delta%20Air%20Lines-active-b737ng.htm
N381DZ,8859,,Airbus A321,a321,321-211,Active,02/05/2019,https://www.airfleets.net/flottecie/Delta%20Air%20Lines-active-a321-70.htm
N382DA,30345,389,Boeing 737 NG / Max,b737ng,737-832,Active,12/10/1999,https://www.airfleets.net/flottecie/Delta%20Air%20Lines-active-b737ng.htm
N382DN,8854,,Airbus A321,a321,321-211,Active,06/07/2019,https://www.airfleets.net/flottecie/Delta%20Air%20Lines-active-a321-70.htm
N383DN,30346,393,Boeing 737 NG / Max,b737ng,737-832,Active,19/10/1999,https://www.airfleets.net/flottecie/Delta%20Air%20Lines-active-b737ng.htm
N383DZ,8916,,Airbus A321,a321,321-211,Active,04/06/2019,https://www.airfleets.net/flottecie/Delta%20Air%20Lines-active-a321-70.htm
N384DA,30347,412,Boeing 737 NG / Max,b737ng,737-832,Active,22/11/1999,https://www.airfleets.net/flottecie/Delta%20Air%20Lines-active-b737ng.htm
N384DN,8974,,Airbus A321,a321,321-211,Active,07/06/2019,https://www.airfleets.net/flottecie/Delta%20Air%20Lines-active-a321-70.htm
N385DN,30348,418,Boeing 737 NG / Max,b737ng,737-832,Active,19/11/1999,https://www.airfleets.net/flottecie/Delta%20Air%20Lines-active-b737ng.htm
N385DZ,8975,,Airbus A321,a321,321-211,Active,14/06/2019,https://www.airfleets.net/flottecie/Delta%20Air%20Lines-active-a321-70.htm
N386DA,30373,446,Boeing 737 NG / Max,b737ng,737-832,Active,20/12/1999,https://www.airfleets.net/flottecie/Delta%20Air%20Lines-active-b737ng.htm
N386DN,8947,,Airbus A321,a321,321-211,Active,16/10/2019,https://www.airfleets.net/flottecie/Delta%20Air%20Lines-active-a321-70.htm
N387DA,30374,457,Boeing 737 NG / Max,b737ng,737-832,Active,14/01/2000,https://www.airfleets.net/flottecie/Delta%20Air%20Lines-active-b737ng.htm
N387DN,9025,,Airbus A321,a321,321-211,Active,12/07/2019,https://www.airfleets.net/flottecie/Delta%20Air%20Lines-active-a321-70.htm
N388DA,30375,469,Boeing 737 NG / Max,b737ng,737-832,Active,01/02/2000,https://www.airfleets.net/flottecie/Delta%20Air%20Lines-active-b737ng.htm
N388DN,9043,,Airbus A321,a321,321-211,Active,28/09/2019,https://www.airfleets.net/flottecie/Delta%20Air%20Lines-active-a321-70.htm
N389DA,30376,513,Boeing 737 NG / Max,b737ng,737-832,Active,15/04/2000,https://www.airfleets.net/flottecie/Delta%20Air%20Lines-active-b737ng.htm
N389DN,9057,,Airbus A321,a321,321-211,Active,21/02/2020,https://www.airfleets.net/flottecie/Delta%20Air%20Lines-active-a321-70.htm
N390DA,30536,518,Boeing 737 NG / Max,b737ng,737-832,Active,28/04/2000,https://www.airfleets.net/flottecie/Delta%20Air%20Lines-active-b737ng-35.htm
N390DN,9066,,Airbus A321,a321,321-211,Active,19/07/2019,https://www.airfleets.net/flottecie/Delta%20Air%20Lines-active-a321-70.htm
N391DA,30560,535,Boeing 737 NG / Max,b737ng,737-832,Active,08/05/2000,https://www.airfleets.net/flottecie/Delta%20Air%20Lines-active-b737ng-35.htm
N391DN,9027,,Airbus A321,a321,321-211,Active,20/12/2019,https://www.airfleets.net/flottecie/Delta%20Air%20Lines-active-a321-70.htm
N392DA,30561,564,Boeing 737 NG / Max,b737ng,737-832,Active,30/05/2000,https://www.airfleets.net/flottecie/Delta%20Air%20Lines-active-b737ng-35.htm
N392DN,9028,,Airbus A321,a321,321-211,Active,25/07/2019,https://www.airfleets.net/flottecie/Delta%20Air%20Lines-active-a321-70.htm
N393DA,30377,584,Boeing 737 NG / Max,b737ng,737-832,Active,30/06/2000,https://www.airfleets.net/flottecie/Delta%20Air%20Lines-active-b737ng.htm
N393DN,9067,,Airbus A321,a321,321-211,Active,06/08/2019,https://www.airfleets.net/flottecie/Delta%20Air%20Lines-active-a321-70.htm
N394DA,30562,589,Boeing 737 NG / Max,b737ng,737-832,Active,29/06/2000,https://www.airfleets.net/flottecie/Delta%20Air%20Lines-active-b737ng-35.htm
N394DX,9125,,Airbus A321,a321,321-211,Active,29/08/2019,https://www.airfleets.net/flottecie/Delta%20Air%20Lines-active-a321-70.htm
N395DN,30773,604,Boeing 737 NG / Max,b737ng,737-832,Active,17/07/2000,https://www.airfleets.net/flottecie/Delta%20Air%20Lines-active-b737ng-35.htm
N395DZ,9126,,Airbus A321,a321,321-211,Active,29/08/2019,https://www.airfleets.net/flottecie/Delta%20Air%20Lines-active-a321-70.htm
N396DA,30378,632,Boeing 737 NG / Max,b737ng,737-832,Active,18/08/2000,https://www.airfleets.net/flottecie/Delta%20Air%20Lines-active-b737ng.htm
N396DN,9128,,Airbus A321,a321,321-211,Active,13/09/2019,https://www.airfleets.net/flottecie/Delta%20Air%20Lines-active-a321-70.htm
N397DA,30537,638,Boeing 737 NG / Max,b737ng,737-832,Active,24/08/2000,https://www.airfleets.net/flottecie/Delta%20Air%20Lines-active-b737ng-35.htm
N397DN,9176,,Airbus A321,a321,321-211,Active,24/09/2019,https://www.airfleets.net/flottecie/Delta%20Air%20Lines-active-a321-70.htm
N398DA,30774,641,Boeing 737 NG / Max,b737ng,737-832,Active,24/08/2000,https://www.airfleets.net/flottecie/Delta%20Air%20Lines-active-b737ng-35.htm
N398DN,9360,,Airbus A321,a321,321-211,Active,18/01/2020,https://www.airfleets.net/flottecie/Delta%20Air%20Lines-active-a321-70.htm
N399DA,30379,657,Boeing 737 NG / Max,b737ng,737-832,Active,19/09/2000,https://www.airfleets.net/flottecie/Delta%20Air%20Lines-active-b737ng.htm
N401DZ,1915,,Airbus A330,a330,330-941N,Active,23/05/2019,https://www.airfleets.net/flottecie/Delta%20Air%20Lines-active-a330-35.htm
N402DX,1920,,Airbus A330,a330,330-941N,Active,13/06/2019,https://www.airfleets.net/flottecie/Delta%20Air%20Lines-active-a330-35.htm
N403DX,1931,,Airbus A330,a330,330-941N,Active,28/08/2019,https://www.airfleets.net/flottecie/Delta%20Air%20Lines-active-a330-35.htm
N404DX,1935,,Airbus A330,a330,330-941N,Active,30/09/2019,https://www.airfleets.net/flottecie/Delta%20Air%20Lines-active-a330-35.htm
N405DX,1949,,Airbus A330,a330,330-941N,Active,28/02/2020,https://www.airfleets.net/flottecie/Delta%20Air%20Lines-active-a330-35.htm
N406DX,1953,,Airbus A330,a330,330-941N,Active,25/11/2020,https://www.airfleets.net/flottecie/Delta%20Air%20Lines-active-a330-35.htm
N407DX,1957,,Airbus A330,a330,330-941N,Active,22/09/2020,https://www.airfleets.net/flottecie/Delta%20Air%20Lines-active-a330-35.htm
N408DX,1962,,Airbus A330,a330,330-941N,Active,30/10/2020,https://www.airfleets.net/flottecie/Delta%20Air%20Lines-active-a330-35.htm
N409DX,1983,,Airbus A330,a330,330-941N,Active,06/04/2021,https://www.airfleets.net/flottecie/Delta%20Air%20Lines-active-a330-35.htm
N410DZ,1990,,Airbus A330,a330,330-941N,Active,15/06/2021,https://www.airfleets.net/flottecie/Delta%20Air%20Lines-active-a330-35.htm
N411DX,1991,,Airbus A330,a330,330-941N,Active,28/05/2021,https://www.airfleets.net/flottecie/Delta%20Air%20Lines-active-a330-35.htm
N412DX,1994,,Airbus A330,a330,330-941N,Active,03/03/2022,https://www.airfleets.net/flottecie/Delta%20Air%20Lines-active-a330-35.htm
N413DX,1995,,Airbus A330,a330,330-941N,Active,09/09/2022,https://www.airfleets.net/flottecie/Delta%20Air%20Lines-active-a330-35.htm
N414DZ,1996,,Airbus A330,a330,330-941N,Active,21/09/2022,https://www.airfleets.net/flottecie/Delta%20Air%20Lines-active-a330-35.htm
N415DX,1997,,Airbus A330,a330,330-941N,Active,27/10/2022,https://www.airfleets.net/flottecie/Delta%20Air%20Lines-active-a330-35.htm
N416DX,1999,,Airbus A330,a330,330-941N,Active,31/03/2022,https://www.airfleets.net/flottecie/Delta%20Air%20Lines-active-a330-35.htm
N417DX,2000,,Airbus A330,a330,330-941N,Active,11/03/2022,https://www.airfleets.net/flottecie/Delta%20Air%20Lines-active-a330-35.htm
N418DX,2010,,Airbus A330,a330,330-941N,Active,29/04/2022,https://www.airfleets.net/flottecie/Delta%20Air%20Lines-active-a330-35.htm
N419DX,2014,,Airbus A330,a330,330-941N,Active,30/08/2022,https://www.airfleets.net/flottecie/Delta%20Air%20Lines-active-a330-35.htm
N420DX,2021,,Airbus A330,a330,330-941N,Active,21/12/2022,https://www.airfleets.net/flottecie/Delta%20Air%20Lines-active-a330-35.htm
N421DX,2028,,Airbus A330,a330,330-941N,Active,10/03/2023,https://www.airfleets.net/flottecie/Delta%20Air%20Lines-active-a330-35.htm
N422DZ,2031,,Airbus A330,a330,330-941N,Active,12/05/2023,https://www.airfleets.net/flottecie/Delta%20Air%20Lines-active-a330-35.htm
N423DX,2032,,Airbus A330,a330,330-941N,Active,29/07/2023,https://www.airfleets.net/flottecie/Delta%20Air%20Lines-active-a330-35.htm
N424DX,2034,,Airbus A330,a330,330-941N,Active,16/11/2023,https://www.airfleets.net/flottecie/Delta%20Air%20Lines-active-a330-35.htm
N425DX,2037,,Airbus A330,a330,330-941N,Active,02/11/2023,https://www.airfleets.net/flottecie/Delta%20Air%20Lines-active-a330-35.htm
N426DZ,2045,,Airbus A330,a330,330-941N,Active,01/01/2024,https://www.airfleets.net/flottecie/Delta%20Air%20Lines-active-a330-35.htm
N427DX,2048,,Airbus A330,a330,330-941N,Active,04/01/2024,https://www.airfleets.net/flottecie/Delta%20Air%20Lines-active-a330-35.htm
N428DX,2064,,Airbus A330,a330,330-941N,Active,05/07/2024,https://www.airfleets.net/flottecie/Delta%20Air%20Lines-active-a330-35.htm
N429DX,2067,,Airbus A330,a330,330-941N,Active,02/08/2024,https://www.airfleets.net/flottecie/Delta%20Air%20Lines-active-a330-70.htm
N430DX,2069,,Airbus A330,a330,330-941N,Active,04/09/2024,https://www.airfleets.net/flottecie/Delta%20Air%20Lines-active-a330-70.htm
N431DX,2073,,Airbus A330,a330,330-941N,Active,01/11/2024,https://www.airfleets.net/flottecie/Delta%20Air%20Lines-active-a330-70.htm
N432DX,2076,,Airbus A330,a330,330-941N,Active,22/02/2025,https://www.airfleets.net/flottecie/Delta%20Air%20Lines-active-a330-70.htm
N433DX,2082,,Airbus A330,a330,330-941N,Active,31/12/2024,https://www.airfleets.net/flottecie/Delta%20Air%20Lines-active-a330-70.htm
N434DX,2089,,Airbus A330,a330,330-941N,Active,11/05/2025,https://www.airfleets.net/flottecie/Delta%20Air%20Lines-active-a330-70.htm
N435DX,2090,,Airbus A330,a330,330-941N,Active,30/05/2025,https://www.airfleets.net/flottecie/Delta%20Air%20Lines-active-a330-70.htm
N436DX,2094,,Airbus A330,a330,330-941N,Active,21/05/2025,https://www.airfleets.net/flottecie/Delta%20Air%20Lines-active-a330-70.htm
N437DX,2100,,Airbus A330,a330,330-941N,Active,25/09/2025,https://www.airfleets.net/flottecie/Delta%20Air%20Lines-active-a330-70.htm
N438DX,2101,,Airbus A330,a330,330-941N,Active,02/08/2025,https://www.airfleets.net/flottecie/Delta%20Air%20Lines-active-a330-70.htm
N439DX,2105,,Airbus A330,a330,330-941N,Active,20/09/2025,https://www.airfleets.net/flottecie/Delta%20Air%20Lines-active-a330-70.htm
N501DA,10437,,Airbus A321,a321,321-271NX,Active,23/03/2022,https://www.airfleets.net/flottecie/Delta%20Air%20Lines-active-a321-105.htm
N501DN,115,,Airbus A350,a350,350-941,Active,11/07/2017,https://www.airfleets.net/flottecie/Delta%20Air%20Lines-active-a350.htm
N502DN,135,,Airbus A350,a350,350-941,Active,08/08/2017,https://www.airfleets.net/flottecie/Delta%20Air%20Lines-active-a350.htm
N502DX,10467,,Airbus A321,a321,321-271NX,Active,14/04/2022,https://www.airfleets.net/flottecie/Delta%20Air%20Lines-active-a321-105.htm
N503DN,149,,Airbus A350,a350,350-941,Active,01/11/2017,https://www.airfleets.net/flottecie/Delta%20Air%20Lines-active-a350.htm
N503DZ,10974,,Airbus A321,a321,321-271NX,Active,01/06/2022,https://www.airfleets.net/flottecie/Delta%20Air%20Lines-active-a321-105.htm
N504DN,160,,Airbus A350,a350,350-941,Active,28/11/2017,https://www.airfleets.net/flottecie/Delta%20Air%20Lines-active-a350.htm
N504DZ,10884,,Airbus A321,a321,321-271NX,Active,22/07/2022,https://www.airfleets.net/flottecie/Delta%20Air%20Lines-active-a321-105.htm
N505DN,164,,Airbus A350,a350,350-941,Active,12/12/2017,https://www.airfleets.net/flottecie/Delta%20Air%20Lines-active-a350.htm
N505DZ,10935,,Airbus A321,a321,321-271NX,Active,21/09/2022,https://www.airfleets.net/flottecie/Delta%20Air%20Lines-active-a321-105.htm
N506DA,11036,,Airbus A321,a321,321-271NX,Active,18/11/2022,https://www.airfleets.net/flottecie/Delta%20Air%20Lines-active-a321-105.htm
N506DN,175,,Airbus A350,a350,350-941,Active,22/12/2017,https://www.airfleets.net/flottecie/Delta%20Air%20Lines-active-a350.htm
N507DN,182,,Airbus A350,a350,350-941,Active,21/02/2018,https://www.airfleets.net/flottecie/Delta%20Air%20Lines-active-a350.htm
N507DZ,10975,,Airbus A321,a321,321-271NX,Active,13/10/2022,https://www.airfleets.net/flottecie/Delta%20Air%20Lines-active-a321-105.htm
N508DA,10898,,Airbus A321,a321,321-271NX,Active,20/09/2022,https://www.airfleets.net/flottecie/Delta%20Air%20Lines-active-a321-105.htm
N508DN,190,,Airbus A350,a350,350-941,Active,06/03/2018,https://www.airfleets.net/flottecie/Delta%20Air%20Lines-active-a350.htm
N509DN,199,,Airbus A350,a350,350-941,Active,13/04/2018,https://www.airfleets.net/flottecie/Delta%20Air%20Lines-active-a350.htm
N509DT,10958,,Airbus A321,a321,321-271NX,Active,29/10/2022,https://www.airfleets.net/flottecie/Delta%20Air%20Lines-active-a321-105.htm
N510DE,10828,,Airbus A321,a321,321-271NX,Active,29/07/2022,https://www.airfleets.net/flottecie/Delta%20Air%20Lines-active-a321-105.htm
N510DN,204,,Airbus A350,a350,350-941,Active,25/05/2018,https://www.airfleets.net/flottecie/Delta%20Air%20Lines-active-a350.htm
N511DE,10979,,Airbus A321,a321,321-271NX,Active,26/08/2022,https://www.airfleets.net/flottecie/Delta%20Air%20Lines-active-a321-105.htm
N511DN,210,,Airbus A350,a350,350-941,Active,14/06/2018,https://www.airfleets.net/flottecie/Delta%20Air%20Lines-active-a350.htm
N512DE,11069,,Airbus A321,a321,321-271NX,Active,21/12/2022,https://www.airfleets.net/flottecie/Delta%20Air%20Lines-active-a321-140.htm
N512DN,267,,Airbus A350,a350,350-941,Active,26/01/2019,https://www.airfleets.net/flottecie/Delta%20Air%20Lines-active-a350.htm
N513DA,10998,,Airbus A321,a321,321-271NX,Active,13/10/2022,https://www.airfleets.net/flottecie/Delta%20Air%20Lines-active-a321-105.htm
N513DZ,277,,Airbus A350,a350,350-941,Active,01/03/2019,https://www.airfleets.net/flottecie/Delta%20Air%20Lines-active-a350.htm
N514DE,11126,,Airbus A321,a321,321-271NX,Active,23/12/2022,https://www.airfleets.net/flottecie/Delta%20Air%20Lines-active-a321-140.htm
N514DN,395,,Airbus A350,a350,350-941,Active,16/09/2020,https://www.airfleets.net/flottecie/Delta%20Air%20Lines-active-a350.htm
N515DE,11141,,Airbus A321,a321,321-271NX,Active,30/12/2022,https://www.airfleets.net/flottecie/Delta%20Air%20Lines-active-a321-140.htm
N515DN,404,,Airbus A350,a350,350-941,Active,16/09/2020,https://www.airfleets.net/flottecie/Delta%20Air%20Lines-active-a350.htm
N516DA,11004,,Airbus A321,a321,321-271NX,Active,21/10/2022,https://www.airfleets.net/flottecie/Delta%20Air%20Lines-active-a321-105.htm
N516DN,530,,Airbus A350,a350,350-941,Active,26/01/2022,https://www.airfleets.net/flottecie/Delta%20Air%20Lines-active-a350.htm
N517DN,11078,,Airbus A321,a321,321-271NX,Active,01/11/2022,https://www.airfleets.net/flottecie/Delta%20Air%20Lines-active-a321-140.htm
N517DZ,545,,Airbus A350,a350,350-941,Active,01/02/2022,https://www.airfleets.net/flottecie/Delta%20Air%20Lines-active-a350.htm
N518DQ,11122,,Airbus A321,a321,321-271NX,Active,31/12/2022,https://www.airfleets.net/flottecie/Delta%20Air%20Lines-active-a321-140.htm
N518DZ,580,,Airbus A350,a350,350-941,Active,22/11/2022,https://www.airfleets.net/flottecie/Delta%20Air%20Lines-active-a350.htm
N519DN,588,,Airbus A350,a350,350-941,Active,16/12/2022,https://www.airfleets.net/flottecie/Delta%20Air%20Lines-active-a350.htm
N519DT,11198,,Airbus A321,a321,321-271NX,Active,23/02/2023,https://www.airfleets.net/flottecie/Delta%20Air%20Lines-active-a321-140.htm
N520DE,11176,,Airbus A321,a321,321-271NX,Active,01/03/2023,https://www.airfleets.net/flottecie/Delta%20Air%20Lines-active-a321-140.htm
N520DN,654,,Airbus A350,a350,350-941,Active,04/04/2024,https://www.airfleets.net/flottecie/Delta%20Air%20Lines-active-a350.htm
N521DN,661,,Airbus A350,a350,350-941,Active,03/05/2024,https://www.airfleets.net/flottecie/Delta%20Air%20Lines-active-a350.htm
N521DT,11082,,Airbus A321,a321,321-271NX,Active,16/11/2022,https://www.airfleets.net/flottecie/Delta%20Air%20Lines-active-a321-140.htm
N522DA,11154,,Airbus A321,a321,321-271NX,Active,15/12/2022,https://www.airfleets.net/flottecie/Delta%20Air%20Lines-active-a321-140.htm
N522DZ,673,,Airbus A350,a350,350-941,Active,25/07/2024,https://www.airfleets.net/flottecie/Delta%20Air%20Lines-active-a350.htm
N523DE,11236,,Airbus A321,a321,321-271NX,Active,05/05/2023,https://www.airfleets.net/flottecie/Delta%20Air%20Lines-active-a321-140.htm
N523DN,677,,Airbus A350,a350,350-941,Active,27/07/2024,https://www.airfleets.net/flottecie/Delta%20Air%20Lines-active-a350.htm
N524DE,11207,,Airbus A321,a321,321-271NX,Active,01/06/2023,https://www.airfleets.net/flottecie/Delta%20Air%20Lines-active-a321-140.htm
N524DN,680,,Airbus A350,a350,350-941,Active,07/09/2024,https://www.airfleets.net/flottecie/Delta%20Air%20Lines-active-a350.htm
N525DA,11246,,Airbus A321,a321,321-271NX,Active,21/07/2023,https://www.airfleets.net/flottecie/Delta%20Air%20Lines-active-a321-140.htm
N525DN,687,,Airbus A350,a350,350-941,Active,23/11/2024,https://www.airfleets.net/flottecie/Delta%20Air%20Lines-active-a350.htm
N526DE,11174,,Airbus A321,a321,321-271NX,Active,22/12/2022,https://www.airfleets.net/flottecie/Delta%20Air%20Lines-active-a321-140.htm
N526DN,709,,Airbus A350,a350,350-941,Active,19/12/2024,https://www.airfleets.net/flottecie/Delta%20Air%20Lines-active-a350.htm
N527DE,11272,,Airbus A321,a321,321-271NX,Active,21/07/2023,https://www.airfleets.net/flottecie/Delta%20Air%20Lines-active-a321-140.htm
N527DN,720,,Airbus A350,a350,350-941,Active,28/03/2025,https://www.airfleets.net/flottecie/Delta%20Air%20Lines-active-a350-35.htm
N528DE,11248,,Airbus A321,a321,321-271NX,Active,01/03/2023,https://www.airfleets.net/flottecie/Delta%20Air%20Lines-active-a321-140.htm
N528DN,722,,Airbus A350,a350,350-941,Active,03/05/2025,https://www.airfleets.net/flottecie/Delta%20Air%20Lines-active-a350-35.htm
N529DN,735,,Airbus A350,a350,350-941,Active,26/06/2025,https://www.airfleets.net/flottecie/Delta%20Air%20Lines-active-a350-35.htm
N529DT,11277,,Airbus A321,a321,321-271NX,Active,12/04/2023,https://www.airfleets.net/flottecie/Delta%20Air%20Lines-active-a321-140.htm
N530DE,11245,,Airbus A321,a321,321-271NX,Active,09/02/2023,https://www.airfleets.net/flottecie/Delta%20Air%20Lines-active-a321-140.htm
N530DN,747,,Airbus A350,a350,350-941,Active,15/11/2025,https://www.airfleets.net/flottecie/Delta%20Air%20Lines-active-a350-35.htm
N531DA,11329,,Airbus A321,a321,321-271NX,Active,28/04/2023,https://www.airfleets.net/flottecie/Delta%20Air%20Lines-active-a321-140.htm
N531DN,755,,Airbus A350,a350,350-941,Active,17/12/2025,https://www.airfleets.net/flottecie/Delta%20Air%20Lines-active-a350-35.htm
N532DN,11279,,Airbus A321,a321,321-271NX,Active,28/04/2023,https://www.airfleets.net/flottecie/Delta%20Air%20Lines-active-a321-140.htm
N532DZ,783,,Airbus A350,a350,350-941,Active,16/05/2026,https://www.airfleets.net/flottecie/Delta%20Air%20Lines-active-a350-35.htm
N533DT,11362,,Airbus A321,a321,321-271NX,Active,01/09/2023,https://www.airfleets.net/flottecie/Delta%20Air%20Lines-active-a321-140.htm
N534DT,11357,,Airbus A321,a321,321-271NX,Active,17/05/2023,https://www.airfleets.net/flottecie/Delta%20Air%20Lines-active-a321-140.htm
N535DN,11424,,Airbus A321,a321,321-271NX,Active,21/06/2023,https://www.airfleets.net/flottecie/Delta%20Air%20Lines-active-a321-140.htm
N536DN,11426,,Airbus A321,a321,321-271NX,Active,15/06/2023,https://www.airfleets.net/flottecie/Delta%20Air%20Lines-active-a321-140.htm
N537DT,11434,,Airbus A321,a321,321-271NX,Active,14/06/2023,https://www.airfleets.net/flottecie/Delta%20Air%20Lines-active-a321-140.htm
N538DN,11436,,Airbus A321,a321,321-271NX,Active,23/06/2023,https://www.airfleets.net/flottecie/Delta%20Air%20Lines-active-a321-140.htm
N539DN,11479,,Airbus A321,a321,321-271NX,Active,28/07/2023,https://www.airfleets.net/flottecie/Delta%20Air%20Lines-active-a321-140.htm
N540DE,11475,,Airbus A321,a321,321-271NX,Active,07/12/2023,https://www.airfleets.net/flottecie/Delta%20Air%20Lines-active-a321-140.htm
N541DE,11481,,Airbus A321,a321,321-271NX,Active,28/07/2023,https://www.airfleets.net/flottecie/Delta%20Air%20Lines-active-a321-140.htm
N542DE,11510,,Airbus A321,a321,321-271NX,Active,09/08/2023,https://www.airfleets.net/flottecie/Delta%20Air%20Lines-active-a321-140.htm
N543DE,11553,,Airbus A321,a321,321-271NX,Active,07/09/2023,https://www.airfleets.net/flottecie/Delta%20Air%20Lines-active-a321-140.htm
N544DN,11607,,Airbus A321,a321,321-271NX,Active,19/10/2023,https://www.airfleets.net/flottecie/Delta%20Air%20Lines-active-a321-140.htm
N544US,26491,710,Boeing 757,b757,757-251,Parked,01/02/2009,https://www.airfleets.net/flottecie/Delta%20Air%20Lines-active-b757.htm
N545DE,11644,,Airbus A321,a321,321-271NX,Active,15/11/2023,https://www.airfleets.net/flottecie/Delta%20Air%20Lines-active-a321-140.htm
N546DN,11692,,Airbus A321,a321,321-271NX,Active,08/11/2023,https://www.airfleets.net/flottecie/Delta%20Air%20Lines-active-a321-175.htm
N547DE,11595,,Airbus A321,a321,321-271NX,Active,30/03/2024,https://www.airfleets.net/flottecie/Delta%20Air%20Lines-active-a321-140.htm
N548DN,11620,,Airbus A321,a321,321-271NX,Active,18/01/2024,https://www.airfleets.net/flottecie/Delta%20Air%20Lines-active-a321-140.htm
N549DN,11693,,Airbus A321,a321,321-271NX,Active,08/12/2023,https://www.airfleets.net/flottecie/Delta%20Air%20Lines-active-a321-175.htm
N550DN,11734,,Airbus A321,a321,321-271NX,Active,20/12/2023,https://www.airfleets.net/flottecie/Delta%20Air%20Lines-active-a321-175.htm
N550NW,26497,968,Boeing 757,b757,757-251,Active,01/05/2009,https://www.airfleets.net/flottecie/Delta%20Air%20Lines-active-b757.htm
N551DT,11523,,Airbus A321,a321,321-271NX,Active,23/10/2024,https://www.airfleets.net/flottecie/Delta%20Air%20Lines-active-a321-140.htm
N551NW,26498,971,Boeing 757,b757,757-251,Active,01/05/2009,https://www.airfleets.net/flottecie/Delta%20Air%20Lines-active-b757.htm
N552DT,11874,,Airbus A321,a321,321-271NX,Active,20/11/2024,https://www.airfleets.net/flottecie/Delta%20Air%20Lines-active-a321-175.htm
N552NW,26499,975,Boeing 757,b757,757-251,Active,01/05/2009,https://www.airfleets.net/flottecie/Delta%20Air%20Lines-active-b757.htm
N553DT,12122,,Airbus A321,a321,321-271NX,Active,31/03/2025,https://www.airfleets.net/flottecie/Delta%20Air%20Lines-active-a321-175.htm
N553NW,26500,982,Boeing 757,b757,757-251,Active,01/05/2009,https://www.airfleets.net/flottecie/Delta%20Air%20Lines-active-b757.htm
N554DT,12142,,Airbus A321,a321,321-271NX,Active,03/07/2025,https://www.airfleets.net/flottecie/Delta%20Air%20Lines-active-a321-175.htm
N554NW,26501,987,Boeing 757,b757,757-251,Active,10/04/2009,https://www.airfleets.net/flottecie/Delta%20Air%20Lines-active-b757.htm
N555DE,11947,,Airbus A321,a321,321-271NX,Active,25/06/2025,https://www.airfleets.net/flottecie/Delta%20Air%20Lines-active-a321-175.htm
N555NW,33391,1011,Boeing 757,b757,757-251,Active,01/05/2009,https://www.airfleets.net/flottecie/Delta%20Air%20Lines-active-b757-70.htm
N556DT,12099,,Airbus A321,a321,321-271NX,Active,01/11/2025,https://www.airfleets.net/flottecie/Delta%20Air%20Lines-active-a321-175.htm
N556NW,33392,1013,Boeing 757,b757,757-251,Active,01/05/2009,https://www.airfleets.net/flottecie/Delta%20Air%20Lines-active-b757-70.htm
N557DN,12336,,Airbus A321,a321,321-271NX,Active,05/05/2026,https://www.airfleets.net/flottecie/Delta%20Air%20Lines-active-a321-175.htm
N557NW,33393,1016,Boeing 757,b757,757-251,Active,20/02/2009,https://www.airfleets.net/flottecie/Delta%20Air%20Lines-active-b757-70.htm
N568DZ,24,,Airbus A350,a350,350-941,Active,01/07/2022,https://www.airfleets.net/flottecie/Delta%20Air%20Lines-active-a350.htm
N569DZ,27,,Airbus A350,a350,350-941,Active,15/09/2022,https://www.airfleets.net/flottecie/Delta%20Air%20Lines-active-a350.htm
N570DZ,48,,Airbus A350,a350,350-941,Active,20/09/2021,https://www.airfleets.net/flottecie/Delta%20Air%20Lines-active-a350.htm
N571DZ,64,,Airbus A350,a350,350-941,Active,09/07/2021,https://www.airfleets.net/flottecie/Delta%20Air%20Lines-active-a350.htm
N572DT,11841,,Airbus A321,a321,321-271NX,Active,11/04/2024,https://www.airfleets.net/flottecie/Delta%20Air%20Lines-active-a321-175.htm
N572DZ,200,,Airbus A350,a350,350-941,Active,17/09/2021,https://www.airfleets.net/flottecie/Delta%20Air%20Lines-active-a350.htm
N573DT,11787,,Airbus A321,a321,321-271NX,Active,19/01/2024,https://www.airfleets.net/flottecie/Delta%20Air%20Lines-active-a321-175.htm
N573DZ,250,,Airbus A350,a350,350-941,Active,12/10/2021,https://www.airfleets.net/flottecie/Delta%20Air%20Lines-active-a350.htm
N574DT,11718,,Airbus A321,a321,321-271NX,Active,28/02/2024,https://www.airfleets.net/flottecie/Delta%20Air%20Lines-active-a321-175.htm
N574DZ,265,,Airbus A350,a350,350-941,Active,01/08/2021,https://www.airfleets.net/flottecie/Delta%20Air%20Lines-active-a350.htm
N575DN,11717,,Airbus A321,a321,321-271NX,Active,28/02/2024,https://www.airfleets.net/flottecie/Delta%20Air%20Lines-active-a321-175.htm
N575DZ,282,,Airbus A350,a350,350-941,Active,11/02/2022,https://www.airfleets.net/flottecie/Delta%20Air%20Lines-active-a350.htm
N576DN,11899,,Airbus A321,a321,321-271NX,Active,27/03/2024,https://www.airfleets.net/flottecie/Delta%20Air%20Lines-active-a321-175.htm
N576DZ,313,,Airbus A350,a350,350-941,Active,18/07/2022,https://www.airfleets.net/flottecie/Delta%20Air%20Lines-active-a350.htm
N577DN,11782,,Airbus A321,a321,321-271NX,Active,02/05/2024,https://www.airfleets.net/flottecie/Delta%20Air%20Lines-active-a321-175.htm
N578DN,11812,,Airbus A321,a321,321-271NX,Active,02/05/2024,https://www.airfleets.net/flottecie/Delta%20Air%20Lines-active-a321-175.htm
N579DT,11906,,Airbus A321,a321,321-271NX,Active,31/05/2024,https://www.airfleets.net/flottecie/Delta%20Air%20Lines-active-a321-175.htm
N580DT,11819,,Airbus A321,a321,321-271NX,Active,26/04/2024,https://www.airfleets.net/flottecie/Delta%20Air%20Lines-active-a321-175.htm
N581DA,11884,,Airbus A321,a321,321-271NX,Active,25/05/2024,https://www.airfleets.net/flottecie/Delta%20Air%20Lines-active-a321-175.htm
N581NW,32982,1001,Boeing 757,b757,757-351,Active,30/08/2009,https://www.airfleets.net/flottecie/Delta%20Air%20Lines-active-b757-35.htm
N582DN,12004,,Airbus A321,a321,321-271NX,Active,28/06/2024,https://www.airfleets.net/flottecie/Delta%20Air%20Lines-active-a321-175.htm
N582NW,32981,1014,Boeing 757,b757,757-351,Active,05/10/2009,https://www.airfleets.net/flottecie/Delta%20Air%20Lines-active-b757-35.htm
N583DT,12051,,Airbus A321,a321,321-271NX,Active,20/08/2024,https://www.airfleets.net/flottecie/Delta%20Air%20Lines-active-a321-175.htm
N583NW,32983,1019,Boeing 757,b757,757-351,Active,22/11/2009,https://www.airfleets.net/flottecie/Delta%20Air%20Lines-active-b757-35.htm
N584DN,12042,,Airbus A321,a321,321-271NX,Active,18/09/2024,https://www.airfleets.net/flottecie/Delta%20Air%20Lines-active-a321-175.htm
N584NW,32984,1020,Boeing 757,b757,757-351,Active,01/11/2009,https://www.airfleets.net/flottecie/Delta%20Air%20Lines-active-b757-35.htm
N585DN,12105,,Airbus A321,a321,321-271NX,Active,11/09/2024,https://www.airfleets.net/flottecie/Delta%20Air%20Lines-active-a321-175.htm
N585NW,32985,1021,Boeing 757,b757,757-351,Active,13/11/2009,https://www.airfleets.net/flottecie/Delta%20Air%20Lines-active-b757-70.htm
N586DT,12177,,Airbus A321,a321,321-271NX,Active,16/10/2024,https://www.airfleets.net/flottecie/Delta%20Air%20Lines-active-a321-175.htm
N586NW,32987,1022,Boeing 757,b757,757-351,Active,15/11/2009,https://www.airfleets.net/flottecie/Delta%20Air%20Lines-active-b757-70.htm
N587DT,12109,,Airbus A321,a321,321-271NX,Active,19/12/2024,https://www.airfleets.net/flottecie/Delta%20Air%20Lines-active-a321-175.htm
N587NW,32986,1023,Boeing 757,b757,757-351,Active,06/12/2009,https://www.airfleets.net/flottecie/Delta%20Air%20Lines-active-b757-70.htm
N588DT,12063,,Airbus A321,a321,321-271NX,Active,26/10/2024,https://www.airfleets.net/flottecie/Delta%20Air%20Lines-active-a321-175.htm
N588NW,32988,1024,Boeing 757,b757,757-351,Active,11/12/2009,https://www.airfleets.net/flottecie/Delta%20Air%20Lines-active-b757-70.htm
N589DT,12417,,Airbus A321,a321,321-271NX,Active,01/03/2025,https://www.airfleets.net/flottecie/Delta%20Air%20Lines-active-a321-175.htm
N589NW,32989,1025,Boeing 757,b757,757-351,Active,01/01/2010,https://www.airfleets.net/flottecie/Delta%20Air%20Lines-active-b757-70.htm
N590DT,12337,,Airbus A321,a321,321-271NX,Active,18/07/2025,https://www.airfleets.net/flottecie/Delta%20Air%20Lines-active-a321-175.htm
N590NW,32990,1027,Boeing 757,b757,757-351,Active,15/04/2009,https://www.airfleets.net/flottecie/Delta%20Air%20Lines-active-b757-70.htm
N591DT,12442,,Airbus A321,a321,321-271NX,Active,01/03/2025,https://www.airfleets.net/flottecie/Delta%20Air%20Lines-active-a321-175.htm
N591NW,32991,1030,Boeing 757,b757,757-351,Active,01/05/2009,https://www.airfleets.net/flottecie/Delta%20Air%20Lines-active-b757-70.htm
N592DT,12422,,Airbus A321,a321,321-271NX,Active,29/03/2025,https://www.airfleets.net/flottecie/Delta%20Air%20Lines-active-a321-175.htm
N592NW,32992,1033,Boeing 757,b757,757-351,Active,01/05/2009,https://www.airfleets.net/flottecie/Delta%20Air%20Lines-active-b757-70.htm
N593DX,12459,,Airbus A321,a321,321-271NX,Active,16/05/2025,https://www.airfleets.net/flottecie/Delta%20Air%20Lines-active-a321-175.htm
N593NW,32993,1034,Boeing 757,b757,757-351,Active,20/05/2009,https://www.airfleets.net/flottecie/Delta%20Air%20Lines-active-b757-70.htm
N594DA,12482,,Airbus A321,a321,321-271NX,Active,20/08/2025,https://www.airfleets.net/flottecie/Delta%20Air%20Lines-active-a321-175.htm
N594NW,32994,1035,Boeing 757,b757,757-351,Active,15/05/2009,https://www.airfleets.net/flottecie/Delta%20Air%20Lines-active-b757-70.htm
N595DT,12526,,Airbus A321,a321,321-271NX,Active,26/06/2025,https://www.airfleets.net/flottecie/Delta%20Air%20Lines-active-a321-175.htm
N595NW,32995,1036,Boeing 757,b757,757-351,Active,24/09/2009,https://www.airfleets.net/flottecie/Delta%20Air%20Lines-active-b757-70.htm
N596DT,12595,,Airbus A321,a321,321-271NX,Active,01/10/2025,https://www.airfleets.net/flottecie/Delta%20Air%20Lines-active-a321-175.htm
N596NW,32996,1037,Boeing 757,b757,757-351,Active,29/09/2009,https://www.airfleets.net/flottecie/Delta%20Air%20Lines-active-b757-70.htm
N597DT,12650,,Airbus A321,a321,321-271NX,Active,20/09/2025,https://www.airfleets.net/flottecie/Delta%20Air%20Lines-active-a321-175.htm
N598DN,12666,,Airbus A321,a321,321-271NX,Active,04/09/2025,https://www.airfleets.net/flottecie/Delta%20Air%20Lines-active-a321-210.htm
N599DA,12724,,Airbus A321,a321,321-271NX,Active,22/08/2025,https://www.airfleets.net/flottecie/Delta%20Air%20Lines-active-a321-210.htm
N600DZ,12694,,Airbus A321,a321,321-271NX,Active,10/09/2025,https://www.airfleets.net/flottecie/Delta%20Air%20Lines-active-a321-210.htm
N601DT,12769,,Airbus A321,a321,321-271NX,Active,10/12/2025,https://www.airfleets.net/flottecie/Delta%20Air%20Lines-active-a321-210.htm
N602DZ,12758,,Airbus A321,a321,321-271NX,Active,28/02/2026,https://www.airfleets.net/flottecie/Delta%20Air%20Lines-active-a321-210.htm
N603AT,55127,5074,Boeing 717,b717,717-22A,Active,06/09/2014,https://www.airfleets.net/flottecie/Delta%20Air%20Lines-active-b717-35.htm
N603DN,12830,,Airbus A321,a321,321-271NX,Active,23/12/2025,https://www.airfleets.net/flottecie/Delta%20Air%20Lines-active-a321-210.htm
N604DN,12897,,Airbus A321,a321,321-271NX,Active,06/02/2026,https://www.airfleets.net/flottecie/Delta%20Air%20Lines-active-a321-210.htm
N605DN,12973,,Airbus A321,a321,321-271NX,Active,21/02/2026,https://www.airfleets.net/flottecie/Delta%20Air%20Lines-active-a321-210.htm
N606DN,12960,,Airbus A321,a321,321-271NX,Active,23/02/2026,https://www.airfleets.net/flottecie/Delta%20Air%20Lines-active-a321-210.htm
N607AT,55074,5030,Boeing 717,b717,717-231,Active,21/12/2014,https://www.airfleets.net/flottecie/Delta%20Air%20Lines-active-b717-35.htm
N607DN,13019,,Airbus A321,a321,321-271NX,Active,26/02/2026,https://www.airfleets.net/flottecie/Delta%20Air%20Lines-active-a321-210.htm
N608AT,55081,5045,Boeing 717,b717,717-231,Active,02/07/2015,https://www.airfleets.net/flottecie/Delta%20Air%20Lines-active-b717-35.htm
N608DN,13059,,Airbus A321,a321,321-271NX,Active,25/03/2026,https://www.airfleets.net/flottecie/Delta%20Air%20Lines-active-a321-210.htm
N609DN,13068,,Airbus A321,a321,321-271NX,Active,13/05/2026,https://www.airfleets.net/flottecie/Delta%20Air%20Lines-active-a321-210.htm
N611DT,13179,,Airbus A321,a321,321-271NXLR,Active,18/05/2026,https://www.airfleets.net/flottecie/Delta%20Air%20Lines-active-a321-210.htm
N612DN,13166,,Airbus A321,a321,321-271NX,Active,23/04/2026,https://www.airfleets.net/flottecie/Delta%20Air%20Lines-active-a321-210.htm
N613DN,13235,,Airbus A321,a321,321-271NX,Active,24/06/2026,https://www.airfleets.net/flottecie/Delta%20Air%20Lines-active-a321-210.htm
N614DN,13116,,Airbus A321,a321,321-271NX,Active,24/07/2026,https://www.airfleets.net/flottecie/Delta%20Air%20Lines-active-a321-210.htm
N615DN,13147,,Airbus A321,a321,321-271NX,Active,28/05/2026,https://www.airfleets.net/flottecie/Delta%20Air%20Lines-active-a321-210.htm
N616DN,13276,,Airbus A321,a321,321-271NX,Active,31/07/2026,https://www.airfleets.net/flottecie/Delta%20Air%20Lines-active-a321-210.htm
N649DL,24389,229,Boeing 757,b757,757-232,Active,01/05/2006,https://www.airfleets.net/flottecie/Delta%20Air%20Lines-active-b757.htm
N650DL,24390,230,Boeing 757,b757,757-232,Active,01/05/2006,https://www.airfleets.net/flottecie/Delta%20Air%20Lines-active-b757.htm
N651DL,24391,238,Boeing 757,b757,757-232,Active,01/05/2006,https://www.airfleets.net/flottecie/Delta%20Air%20Lines-active-b757.htm
N652DL,24392,239,Boeing 757,b757,757-232,Active,27/07/1989,https://www.airfleets.net/flottecie/Delta%20Air%20Lines-active-b757.htm
N654DL,24394,264,Boeing 757,b757,757-232,Active,01/05/2006,https://www.airfleets.net/flottecie/Delta%20Air%20Lines-active-b757.htm
N655DL,24395,265,Boeing 757,b757,757-232,Active,01/05/2006,https://www.airfleets.net/flottecie/Delta%20Air%20Lines-active-b757.htm
N658DL,24420,287,Boeing 757,b757,757-232,Active,24/05/1990,https://www.airfleets.net/flottecie/Delta%20Air%20Lines-active-b757.htm
N659DL,24421,293,Boeing 757,b757,757-232,Active,25/06/1990,https://www.airfleets.net/flottecie/Delta%20Air%20Lines-active-b757.htm
N661DN,24972,335,Boeing 757,b757,757-232,Parked,23/12/1990,https://www.airfleets.net/flottecie/Delta%20Air%20Lines-active-b757.htm
N662DN,24991,342,Boeing 757,b757,757-232,Active,28/01/1991,https://www.airfleets.net/flottecie/Delta%20Air%20Lines-active-b757.htm
N663DN,24992,343,Boeing 757,b757,757-232,Active,07/02/1991,https://www.airfleets.net/flottecie/Delta%20Air%20Lines-active-b757.htm
N664DN,25012,347,Boeing 757,b757,757-232,Active,21/02/1991,https://www.airfleets.net/flottecie/Delta%20Air%20Lines-active-b757.htm
N666DN,25034,354,Boeing 757,b757,757-232,Active,22/03/1991,https://www.airfleets.net/flottecie/Delta%20Air%20Lines-active-b757.htm
N6700,30337,890,Boeing 757,b757,757-232,Active,01/05/2006,https://www.airfleets.net/flottecie/Delta%20Air%20Lines-active-b757-35.htm
N6701,30187,892,Boeing 757,b757,757-232,Active,01/05/2006,https://www.airfleets.net/flottecie/Delta%20Air%20Lines-active-b757-35.htm
N6702,30188,898,Boeing 757,b757,757-232,Active,01/05/2006,https://www.airfleets.net/flottecie/Delta%20Air%20Lines-active-b757-35.htm
N6703D,30234,908,Boeing 757,b757,757-232,Active,01/05/2006,https://www.airfleets.net/flottecie/Delta%20Air%20Lines-active-b757-35.htm
N6704Z,30396,914,Boeing 757,b757,757-232,Active,01/05/2006,https://www.airfleets.net/flottecie/Delta%20Air%20Lines-active-b757-35.htm
N6705Y,30397,917,Boeing 757,b757,757-232,Active,01/05/2006,https://www.airfleets.net/flottecie/Delta%20Air%20Lines-active-b757-35.htm
N6706Q,30422,921,Boeing 757,b757,757-232,Active,01/05/2006,https://www.airfleets.net/flottecie/Delta%20Air%20Lines-active-b757-35.htm
N6707A,30395,927,Boeing 757,b757,757-232,Active,19/01/2006,https://www.airfleets.net/flottecie/Delta%20Air%20Lines-active-b757-35.htm
N6708D,30480,934,Boeing 757,b757,757-232,Active,01/05/2006,https://www.airfleets.net/flottecie/Delta%20Air%20Lines-active-b757-35.htm
N6709,30481,937,Boeing 757,b757,757-232,Active,01/05/2006,https://www.airfleets.net/flottecie/Delta%20Air%20Lines-active-b757-35.htm
N6710E,30482,939,Boeing 757,b757,757-232,Active,01/05/2006,https://www.airfleets.net/flottecie/Delta%20Air%20Lines-active-b757-35.htm
N6711M,30483,941,Boeing 757,b757,757-232,Active,01/05/2006,https://www.airfleets.net/flottecie/Delta%20Air%20Lines-active-b757-35.htm
N6712B,30484,942,Boeing 757,b757,757-232,Active,01/05/2006,https://www.airfleets.net/flottecie/Delta%20Air%20Lines-active-b757-35.htm
N6713Y,30777,944,Boeing 757,b757,757-232,Active,01/05/2006,https://www.airfleets.net/flottecie/Delta%20Air%20Lines-active-b757-35.htm
N6714Q,30485,949,Boeing 757,b757,757-232,Active,01/05/2006,https://www.airfleets.net/flottecie/Delta%20Air%20Lines-active-b757-35.htm
N6715C,30486,953,Boeing 757,b757,757-232,Active,01/05/2006,https://www.airfleets.net/flottecie/Delta%20Air%20Lines-active-b757-35.htm
N6716C,30838,955,Boeing 757,b757,757-232,Active,01/05/2006,https://www.airfleets.net/flottecie/Delta%20Air%20Lines-active-b757-35.htm
N67171,30839,959,Boeing 757,b757,757-232,Active,01/05/2006,https://www.airfleets.net/flottecie/Delta%20Air%20Lines-active-b757-35.htm
N684DA,27104,535,Boeing 757,b757,757-232,Parked,01/05/2006,https://www.airfleets.net/flottecie/Delta%20Air%20Lines-active-b757.htm
N685DA,27588,667,Boeing 757,b757,757-232,Active,01/05/2006,https://www.airfleets.net/flottecie/Delta%20Air%20Lines-active-b757.htm
N686DA,27589,689,Boeing 757,b757,757-232,Active,20/09/1995,https://www.airfleets.net/flottecie/Delta%20Air%20Lines-active-b757.htm
N687DL,27586,800,Boeing 757,b757,757-232,Active,04/05/1998,https://www.airfleets.net/flottecie/Delta%20Air%20Lines-active-b757.htm
N688DL,27587,803,Boeing 757,b757,757-232,Active,21/05/1998,https://www.airfleets.net/flottecie/Delta%20Air%20Lines-active-b757.htm
N689DL,27172,807,Boeing 757,b757,757-232,Active,18/06/1998,https://www.airfleets.net/flottecie/Delta%20Air%20Lines-active-b757.htm
N690DL,27585,808,Boeing 757,b757,757-232,Active,26/06/1998,https://www.airfleets.net/flottecie/Delta%20Air%20Lines-active-b757.htm
N692DL,29724,820,Boeing 757,b757,757-232,Active,04/09/1998,https://www.airfleets.net/flottecie/Delta%20Air%20Lines-active-b757-35.htm
N693DL,29725,826,Boeing 757,b757,757-232,Active,01/05/2006,https://www.airfleets.net/flottecie/Delta%20Air%20Lines-active-b757-35.htm
N694DL,29726,831,Boeing 757,b757,757-232,Active,01/05/2006,https://www.airfleets.net/flottecie/Delta%20Air%20Lines-active-b757-35.htm
N695DL,29727,838,Boeing 757,b757,757-232,Active,01/05/2006,https://www.airfleets.net/flottecie/Delta%20Air%20Lines-active-b757-35.htm
N696DL,29728,845,Boeing 757,b757,757-232,Active,01/05/2006,https://www.airfleets.net/flottecie/Delta%20Air%20Lines-active-b757-35.htm
N697DL,30318,880,Boeing 757,b757,757-232,Active,01/05/2006,https://www.airfleets.net/flottecie/Delta%20Air%20Lines-active-b757-35.htm
N698DL,29911,885,Boeing 757,b757,757-232,Active,01/05/2006,https://www.airfleets.net/flottecie/Delta%20Air%20Lines-active-b757-35.htm
N699DL,29970,887,Boeing 757,b757,757-232,Active,01/05/2006,https://www.airfleets.net/flottecie/Delta%20Air%20Lines-active-b757-35.htm
N701DH,13110,,Airbus A321,a321,321-271NX,Active,23/03/2026,https://www.airfleets.net/flottecie/Delta%20Air%20Lines-active-a321-210.htm
N706TW,28165,743,Boeing 757,b757,757-2Q8,Active,14/08/2007,https://www.airfleets.net/flottecie/Delta%20Air%20Lines-active-b757.htm
N707TW,27625,744,Boeing 757,b757,757-2Q8,Active,15/08/2007,https://www.airfleets.net/flottecie/Delta%20Air%20Lines-active-b757.htm
N709TW,28168,754,Boeing 757,b757,757-2Q8,Active,01/10/2007,https://www.airfleets.net/flottecie/Delta%20Air%20Lines-active-b757.htm
N710TW,28169,757,Boeing 757,b757,757-2Q8,Active,16/10/2007,https://www.airfleets.net/flottecie/Delta%20Air%20Lines-active-b757.htm
N711ZX,28481,758,Boeing 757,b757,757-231,Active,17/01/2008,https://www.airfleets.net/flottecie/Delta%20Air%20Lines-active-b757.htm
N712TW,27624,760,Boeing 757,b757,757-2Q8,Active,15/10/2007,https://www.airfleets.net/flottecie/Delta%20Air%20Lines-active-b757.htm
N713TW,28173,764,Boeing 757,b757,757-2Q8,Active,15/11/2007,https://www.airfleets.net/flottecie/Delta%20Air%20Lines-active-b757.htm
N717JL,55042,5115,Boeing 717,b717,717-2BD,Active,19/06/2015,https://www.airfleets.net/flottecie/Delta%20Air%20Lines-active-b717.htm
N717TW,28485,854,Boeing 757,b757,757-231,Active,15/02/2008,https://www.airfleets.net/flottecie/Delta%20Air%20Lines-active-b757.htm
N718TW,28486,869,Boeing 757,b757,757-231,Active,14/12/2007,https://www.airfleets.net/flottecie/Delta%20Air%20Lines-active-b757-35.htm
N721TW,29954,874,Boeing 757,b757,757-231,Active,15/11/2007,https://www.airfleets.net/flottecie/Delta%20Air%20Lines-active-b757-35.htm
N722TW,29385,893,Boeing 757,b757,757-231,Active,26/12/2007,https://www.airfleets.net/flottecie/Delta%20Air%20Lines-active-b757-35.htm
N723TW,29378,907,Boeing 757,b757,757-231,Active,26/12/2007,https://www.airfleets.net/flottecie/Delta%20Air%20Lines-active-b757-35.htm
N727TW,30340,901,Boeing 757,b757,757-231,Active,14/03/2008,https://www.airfleets.net/flottecie/Delta%20Air%20Lines-active-b757-35.htm
N774DE,39608,4291,Boeing 737 NG / Max,b737ng,737-8EH,Active,24/06/2017,https://www.airfleets.net/flottecie/Delta%20Air%20Lines-active-b737ng-175.htm
N775DE,39620,4529,Boeing 737 NG / Max,b737ng,737-8EH,Active,18/06/2017,https://www.airfleets.net/flottecie/Delta%20Air%20Lines-active-b737ng-175.htm
N776DE,39624,4623,Boeing 737 NG / Max,b737ng,737-8EH,Active,10/06/2017,https://www.airfleets.net/flottecie/Delta%20Air%20Lines-active-b737ng-175.htm
N801DZ,31912,4603,Boeing 737 NG / Max,b737ng,737-932ER,Active,27/09/2013,https://www.airfleets.net/flottecie/Delta%20Air%20Lines-active-b737ng-35.htm
N801NW,524,,Airbus A330,a330,330-323X,Active,14/01/2009,https://www.airfleets.net/flottecie/Delta%20Air%20Lines-active-a330.htm
N802DN,31917,4628,Boeing 737 NG / Max,b737ng,737-932ER,Active,03/10/2013,https://www.airfleets.net/flottecie/Delta%20Air%20Lines-active-b737ng-70.htm
N802NW,533,,Airbus A330,a330,330-323X,Active,06/02/2009,https://www.airfleets.net/flottecie/Delta%20Air%20Lines-active-a330.htm
N803DN,31919,4639,Boeing 737 NG / Max,b737ng,737-932ER,Active,10/10/2013,https://www.airfleets.net/flottecie/Delta%20Air%20Lines-active-b737ng-70.htm
N803NW,542,,Airbus A330,a330,330-323X,Active,14/02/2009,https://www.airfleets.net/flottecie/Delta%20Air%20Lines-active-a330.htm
N804DN,31918,4650,Boeing 737 NG / Max,b737ng,737-932ER,Active,17/10/2013,https://www.airfleets.net/flottecie/Delta%20Air%20Lines-active-b737ng-70.htm
N804NW,549,,Airbus A330,a330,330-323X,Active,25/03/2009,https://www.airfleets.net/flottecie/Delta%20Air%20Lines-active-a330.htm
N805DN,31913,4664,Boeing 737 NG / Max,b737ng,737-932ER,Active,01/11/2013,https://www.airfleets.net/flottecie/Delta%20Air%20Lines-active-b737ng-35.htm
N805NW,552,,Airbus A330,a330,330-323X,Active,25/02/2009,https://www.airfleets.net/flottecie/Delta%20Air%20Lines-active-a330.htm
N806DN,31914,4672,Boeing 737 NG / Max,b737ng,737-932ER,Active,07/11/2013,https://www.airfleets.net/flottecie/Delta%20Air%20Lines-active-b737ng-70.htm
N806NW,578,,Airbus A330,a330,330-323X,Active,28/02/2009,https://www.airfleets.net/flottecie/Delta%20Air%20Lines-active-a330.htm
N807DN,31921,4682,Boeing 737 NG / Max,b737ng,737-932ER,Active,14/11/2013,https://www.airfleets.net/flottecie/Delta%20Air%20Lines-active-b737ng-70.htm
N807NW,588,,Airbus A330,a330,330-323X,Active,10/03/2009,https://www.airfleets.net/flottecie/Delta%20Air%20Lines-active-a330.htm
N808DN,31920,4693,Boeing 737 NG / Max,b737ng,737-932ER,Active,21/11/2013,https://www.airfleets.net/flottecie/Delta%20Air%20Lines-active-b737ng-70.htm
N808NW,591,,Airbus A330,a330,330-323X,Active,01/02/2010,https://www.airfleets.net/flottecie/Delta%20Air%20Lines-active-a330.htm
N809DN,31915,4704,Boeing 737 NG / Max,b737ng,737-932ER,Active,05/12/2013,https://www.airfleets.net/flottecie/Delta%20Air%20Lines-active-b737ng-70.htm
N809NW,663,,Airbus A330,a330,330-323X,Active,01/03/2009,https://www.airfleets.net/flottecie/Delta%20Air%20Lines-active-a330.htm
N810DN,31922,4708,Boeing 737 NG / Max,b737ng,737-932ER,Active,06/12/2013,https://www.airfleets.net/flottecie/Delta%20Air%20Lines-active-b737ng-70.htm
N810NW,674,,Airbus A330,a330,330-323X,Active,10/10/2009,https://www.airfleets.net/flottecie/Delta%20Air%20Lines-active-a330.htm
N811DZ,31916,4715,Boeing 737 NG / Max,b737ng,737-932ER,Active,11/12/2013,https://www.airfleets.net/flottecie/Delta%20Air%20Lines-active-b737ng-70.htm
N811NW,690,,Airbus A330,a330,330-323X,Active,12/10/2009,https://www.airfleets.net/flottecie/Delta%20Air%20Lines-active-a330.htm
N812DN,31923,4722,Boeing 737 NG / Max,b737ng,737-932ER,Active,12/12/2013,https://www.airfleets.net/flottecie/Delta%20Air%20Lines-active-b737ng-70.htm
N812NW,784,,Airbus A330,a330,330-323X,Active,02/04/2009,https://www.airfleets.net/flottecie/Delta%20Air%20Lines-active-a330.htm
N813DN,31925,4744,Boeing 737 NG / Max,b737ng,737-932ER,Active,17/01/2014,https://www.airfleets.net/flottecie/Delta%20Air%20Lines-active-b737ng-70.htm
N813NW,799,,Airbus A330,a330,330-323X,Active,01/02/2010,https://www.airfleets.net/flottecie/Delta%20Air%20Lines-active-a330.htm
N814DN,31924,4751,Boeing 737 NG / Max,b737ng,737-932ER,Active,16/01/2014,https://www.airfleets.net/flottecie/Delta%20Air%20Lines-active-b737ng-70.htm
N814NW,806,,Airbus A330,a330,330-323X,Active,25/02/2009,https://www.airfleets.net/flottecie/Delta%20Air%20Lines-active-a330.htm
N815DN,31926,4780,Boeing 737 NG / Max,b737ng,737-932ER,Active,06/02/2014,https://www.airfleets.net/flottecie/Delta%20Air%20Lines-active-b737ng-70.htm
N815NW,817,,Airbus A330,a330,330-323X,Active,05/01/2010,https://www.airfleets.net/flottecie/Delta%20Air%20Lines-active-a330.htm
N816DN,31927,4791,Boeing 737 NG / Max,b737ng,737-932ER,Active,19/02/2014,https://www.airfleets.net/flottecie/Delta%20Air%20Lines-active-b737ng-70.htm
N816NW,827,,Airbus A330,a330,330-323X,Active,26/10/2009,https://www.airfleets.net/flottecie/Delta%20Air%20Lines-active-a330.htm
N817DN,31929,4818,Boeing 737 NG / Max,b737ng,737-932ER,Active,18/03/2014,https://www.airfleets.net/flottecie/Delta%20Air%20Lines-active-b737ng-70.htm
N817NW,843,,Airbus A330,a330,330-323X,Active,27/10/2009,https://www.airfleets.net/flottecie/Delta%20Air%20Lines-active-a330.htm
N818DA,31928,4829,Boeing 737 NG / Max,b737ng,737-932ER,Active,17/03/2014,https://www.airfleets.net/flottecie/Delta%20Air%20Lines-active-b737ng-70.htm
N818NW,857,,Airbus A330,a330,330-323X,Active,06/12/2009,https://www.airfleets.net/flottecie/Delta%20Air%20Lines-active-a330.htm
N819DN,31930,4861,Boeing 737 NG / Max,b737ng,737-932ER,Active,25/04/2014,https://www.airfleets.net/flottecie/Delta%20Air%20Lines-active-b737ng-70.htm
N819DX,33959,1044,Boeing 757,b757,757-26D,Active,15/09/2015,https://www.airfleets.net/flottecie/Delta%20Air%20Lines-active-b757-70.htm
N819NW,858,,Airbus A330,a330,330-323X,Active,28/03/2009,https://www.airfleets.net/flottecie/Delta%20Air%20Lines-active-a330.htm
N820DN,31931,4883,Boeing 737 NG / Max,b737ng,737-932ER,Active,23/04/2014,https://www.airfleets.net/flottecie/Delta%20Air%20Lines-active-b737ng-70.htm
N820DX,33960,1045,Boeing 757,b757,757-26D,Active,17/03/2016,https://www.airfleets.net/flottecie/Delta%20Air%20Lines-active-b757-70.htm
N820NW,859,,Airbus A330,a330,330-323X,Active,15/11/2009,https://www.airfleets.net/flottecie/Delta%20Air%20Lines-active-a330.htm
N821DN,31932,4899,Boeing 737 NG / Max,b737ng,737-932ER,Active,07/05/2014,https://www.airfleets.net/flottecie/Delta%20Air%20Lines-active-b737ng-70.htm
N821DX,33961,1046,Boeing 757,b757,757-26D,Active,17/12/2015,https://www.airfleets.net/flottecie/Delta%20Air%20Lines-active-b757-70.htm
N821NW,865,,Airbus A330,a330,330-323X,Active,15/03/2009,https://www.airfleets.net/flottecie/Delta%20Air%20Lines-active-a330.htm
N822DN,31933,4947,Boeing 737 NG / Max,b737ng,737-932ER,Active,13/06/2014,https://www.airfleets.net/flottecie/Delta%20Air%20Lines-active-b737ng-70.htm
N822DX,33966,1049,Boeing 757,b757,757-26D,Active,04/04/2016,https://www.airfleets.net/flottecie/Delta%20Air%20Lines-active-b757-70.htm
N822NW,1627,,Airbus A330,a330,330-302,Active,29/05/2015,https://www.airfleets.net/flottecie/Delta%20Air%20Lines-active-a330.htm
N823DN,31934,4987,Boeing 737 NG / Max,b737ng,737-932ER,Active,10/07/2014,https://www.airfleets.net/flottecie/Delta%20Air%20Lines-active-b737ng-70.htm
N823DX,33967,1050,Boeing 757,b757,757-26D,Active,29/02/2016,https://www.airfleets.net/flottecie/Delta%20Air%20Lines-active-b757-70.htm
N823NW,1628,,Airbus A330,a330,330-302,Active,26/08/2015,https://www.airfleets.net/flottecie/Delta%20Air%20Lines-active-a330.htm
N824DN,31935,4998,Boeing 737 NG / Max,b737ng,737-932ER,Active,17/07/2014,https://www.airfleets.net/flottecie/Delta%20Air%20Lines-active-b737ng-70.htm
N824NW,1637,,Airbus A330,a330,330-302,Active,26/06/2015,https://www.airfleets.net/flottecie/Delta%20Air%20Lines-active-a330.htm
N825DN,31936,5021,Boeing 737 NG / Max,b737ng,737-932ER,Active,07/08/2014,https://www.airfleets.net/flottecie/Delta%20Air%20Lines-active-b737ng-70.htm
N825MH,29703,758,Boeing 767,b767,767-432ER,Active,14/12/2000,https://www.airfleets.net/flottecie/Delta%20Air%20Lines-active-b767-35.htm
N825NW,1679,,Airbus A330,a330,330-302,Active,19/11/2015,https://www.airfleets.net/flottecie/Delta%20Air%20Lines-active-a330-35.htm
N826DN,31937,5036,Boeing 737 NG / Max,b737ng,737-932ER,Active,14/08/2014,https://www.airfleets.net/flottecie/Delta%20Air%20Lines-active-b737ng-70.htm
N826MH,29713,769,Boeing 767,b767,767-432ER,Active,30/11/2000,https://www.airfleets.net/flottecie/Delta%20Air%20Lines-active-b767-35.htm
N826NW,1701,,Airbus A330,a330,330-302,Active,30/01/2016,https://www.airfleets.net/flottecie/Delta%20Air%20Lines-active-a330-35.htm
N827DN,31938,5067,Boeing 737 NG / Max,b737ng,737-932ER,Active,05/09/2014,https://www.airfleets.net/flottecie/Delta%20Air%20Lines-active-b737ng-70.htm
N827MH,29705,773,Boeing 767,b767,767-432ER,Active,24/02/2001,https://www.airfleets.net/flottecie/Delta%20Air%20Lines-active-b767-35.htm
N827NW,1716,,Airbus A330,a330,330-302,Active,28/04/2016,https://www.airfleets.net/flottecie/Delta%20Air%20Lines-active-a330-35.htm
N828DN,31939,5114,Boeing 737 NG / Max,b737ng,737-932ER,Active,15/10/2014,https://www.airfleets.net/flottecie/Delta%20Air%20Lines-active-b737ng-70.htm
N828MH,29699,791,Boeing 767,b767,767-432ER,Active,11/08/2000,https://www.airfleets.net/flottecie/Delta%20Air%20Lines-active-b767.htm
N828NW,1720,,Airbus A330,a330,330-302,Active,02/06/2016,https://www.airfleets.net/flottecie/Delta%20Air%20Lines-active-a330-35.htm
N829DN,31941,5143,Boeing 737 NG / Max,b737ng,737-932ER,Active,14/11/2014,https://www.airfleets.net/flottecie/Delta%20Air%20Lines-active-b737ng-70.htm
N829MH,29700,801,Boeing 767,b767,767-432ER,Active,22/08/2000,https://www.airfleets.net/flottecie/Delta%20Air%20Lines-active-b767.htm
N829NW,1721,,Airbus A330,a330,330-302,Active,24/06/2016,https://www.airfleets.net/flottecie/Delta%20Air%20Lines-active-a330-35.htm
N830DN,31940,5172,Boeing 737 NG / Max,b737ng,737-932ER,Active,21/11/2014,https://www.airfleets.net/flottecie/Delta%20Air%20Lines-active-b737ng-70.htm
N830MH,29701,803,Boeing 767,b767,767-432ER,Active,13/09/2000,https://www.airfleets.net/flottecie/Delta%20Air%20Lines-active-b767.htm
N830NW,1769,,Airbus A330,a330,330-302,Active,01/02/2017,https://www.airfleets.net/flottecie/Delta%20Air%20Lines-active-a330-35.htm
N831DN,31942,5210,Boeing 737 NG / Max,b737ng,737-932ER,Active,22/12/2014,https://www.airfleets.net/flottecie/Delta%20Air%20Lines-active-b737ng-70.htm
N831MH,29702,804,Boeing 767,b767,767-432ER,Active,20/09/2000,https://www.airfleets.net/flottecie/Delta%20Air%20Lines-active-b767-35.htm
N831NW,1783,,Airbus A330,a330,330-302,Active,29/04/2017,https://www.airfleets.net/flottecie/Delta%20Air%20Lines-active-a330-35.htm
N832DN,31943,5231,Boeing 737 NG / Max,b737ng,737-932ER,Active,22/01/2015,https://www.airfleets.net/flottecie/Delta%20Air%20Lines-active-b737ng-70.htm
N832MH,29704,807,Boeing 767,b767,767-432ER,Active,26/09/2000,https://www.airfleets.net/flottecie/Delta%20Air%20Lines-active-b767-35.htm
N833DN,31944,5250,Boeing 737 NG / Max,b737ng,737-932ER,Active,28/01/2015,https://www.airfleets.net/flottecie/Delta%20Air%20Lines-active-b737ng-70.htm
N833MH,29706,810,Boeing 767,b767,767-432ER,Active,13/10/2000,https://www.airfleets.net/flottecie/Delta%20Air%20Lines-active-b767-35.htm
N834DN,31946,5290,Boeing 737 NG / Max,b737ng,737-932ER,Active,26/02/2015,https://www.airfleets.net/flottecie/Delta%20Air%20Lines-active-b737ng-70.htm
N834MH,29707,813,Boeing 767,b767,767-432ER,Active,06/11/2000,https://www.airfleets.net/flottecie/Delta%20Air%20Lines-active-b767-35.htm
N835DN,31945,5299,Boeing 737 NG / Max,b737ng,737-932ER,Active,27/02/2015,https://www.airfleets.net/flottecie/Delta%20Air%20Lines-active-b737ng-70.htm
N835MH,29708,814,Boeing 767,b767,767-432ER,Active,04/11/2000,https://www.airfleets.net/flottecie/Delta%20Air%20Lines-active-b767-35.htm
N836DN,31947,5324,Boeing 737 NG / Max,b737ng,737-932ER,Active,19/03/2015,https://www.airfleets.net/flottecie/Delta%20Air%20Lines-active-b737ng-70.htm
N836MH,29709,818,Boeing 767,b767,767-432ER,Active,13/12/2000,https://www.airfleets.net/flottecie/Delta%20Air%20Lines-active-b767-35.htm
N837DN,31948,5332,Boeing 737 NG / Max,b737ng,737-932ER,Active,25/03/2015,https://www.airfleets.net/flottecie/Delta%20Air%20Lines-active-b737ng-70.htm
N837MH,29710,820,Boeing 767,b767,767-432ER,Active,20/12/2000,https://www.airfleets.net/flottecie/Delta%20Air%20Lines-active-b767-35.htm
N838DN,31949,5362,Boeing 737 NG / Max,b737ng,737-932ER,Active,17/04/2015,https://www.airfleets.net/flottecie/Delta%20Air%20Lines-active-b737ng-105.htm
N838MH,29711,821,Boeing 767,b767,767-432ER,Active,10/01/2001,https://www.airfleets.net/flottecie/Delta%20Air%20Lines-active-b767-35.htm
N839DN,31950,5371,Boeing 737 NG / Max,b737ng,737-932ER,Active,22/04/2015,https://www.airfleets.net/flottecie/Delta%20Air%20Lines-active-b737ng-105.htm
N839MH,29712,824,Boeing 767,b767,767-432ER,Active,26/01/2001,https://www.airfleets.net/flottecie/Delta%20Air%20Lines-active-b767-35.htm
N840DN,31951,5391,Boeing 737 NG / Max,b737ng,737-932ER,Active,15/05/2015,https://www.airfleets.net/flottecie/Delta%20Air%20Lines-active-b737ng-105.htm
N840MH,29718,830,Boeing 767,b767,767-432ER,Active,23/05/2001,https://www.airfleets.net/flottecie/Delta%20Air%20Lines-active-b767-35.htm
N841DN,31952,5450,Boeing 737 NG / Max,b737ng,737-932ER,Active,18/06/2015,https://www.airfleets.net/flottecie/Delta%20Air%20Lines-active-b737ng-105.htm
N841MH,29714,855,Boeing 767,b767,767-432ER,Active,23/12/2001,https://www.airfleets.net/flottecie/Delta%20Air%20Lines-active-b767-35.htm
N842DN,31953,5475,Boeing 737 NG / Max,b737ng,737-932ER,Active,15/07/2015,https://www.airfleets.net/flottecie/Delta%20Air%20Lines-active-b737ng-105.htm
N842MH,29715,856,Boeing 767,b767,767-432ER,Active,23/12/2001,https://www.airfleets.net/flottecie/Delta%20Air%20Lines-active-b767-35.htm
N843DN,31954,5498,Boeing 737 NG / Max,b737ng,737-932ER,Active,26/07/2015,https://www.airfleets.net/flottecie/Delta%20Air%20Lines-active-b737ng-105.htm
N843MH,29716,865,Boeing 767,b767,767-432ER,Active,01/02/2002,https://www.airfleets.net/flottecie/Delta%20Air%20Lines-active-b767-35.htm
N844DN,31955,5520,Boeing 737 NG / Max,b737ng,737-932ER,Active,07/08/2015,https://www.airfleets.net/flottecie/Delta%20Air%20Lines-active-b737ng-105.htm
N844MH,29717,871,Boeing 767,b767,767-432ER,Active,12/03/2002,https://www.airfleets.net/flottecie/Delta%20Air%20Lines-active-b767-35.htm
N845DN,31956,5551,Boeing 737 NG / Max,b737ng,737-932ER,Active,27/08/2015,https://www.airfleets.net/flottecie/Delta%20Air%20Lines-active-b737ng-105.htm
N845MH,29719,874,Boeing 767,b767,767-432ER,Active,15/04/2002,https://www.airfleets.net/flottecie/Delta%20Air%20Lines-active-b767-35.htm
N846DN,31957,5582,Boeing 737 NG / Max,b737ng,737-932ER,Active,18/09/2015,https://www.airfleets.net/flottecie/Delta%20Air%20Lines-active-b737ng-105.htm
N847DN,31958,5604,Boeing 737 NG / Max,b737ng,737-932ER,Active,06/10/2015,https://www.airfleets.net/flottecie/Delta%20Air%20Lines-active-b737ng-105.htm
N848DN,31959,5663,Boeing 737 NG / Max,b737ng,737-932ER,Active,19/11/2015,https://www.airfleets.net/flottecie/Delta%20Air%20Lines-active-b737ng-105.htm
N849DN,31960,5675,Boeing 737 NG / Max,b737ng,737-932ER,Active,24/11/2015,https://www.airfleets.net/flottecie/Delta%20Air%20Lines-active-b737ng-105.htm
N850DN,31961,5694,Boeing 737 NG / Max,b737ng,737-932ER,Active,10/12/2015,https://www.airfleets.net/flottecie/Delta%20Air%20Lines-active-b737ng-105.htm
N851DN,31962,5730,Boeing 737 NG / Max,b737ng,737-932ER,Active,19/01/2016,https://www.airfleets.net/flottecie/Delta%20Air%20Lines-active-b737ng-105.htm
N851NW,609,,Airbus A330,a330,330-223,Active,31/08/2009,https://www.airfleets.net/flottecie/Delta%20Air%20Lines-active-a330.htm
N852DN,31963,5743,Boeing 737 NG / Max,b737ng,737-932ER,Active,25/01/2016,https://www.airfleets.net/flottecie/Delta%20Air%20Lines-active-b737ng-105.htm
N852NW,614,,Airbus A330,a330,330-223,Active,10/09/2009,https://www.airfleets.net/flottecie/Delta%20Air%20Lines-active-a330.htm
N853DN,31964,5776,Boeing 737 NG / Max,b737ng,737-932ER,Active,18/02/2016,https://www.airfleets.net/flottecie/Delta%20Air%20Lines-active-b737ng-105.htm
N853NW,618,,Airbus A330,a330,330-223,Active,10/09/2009,https://www.airfleets.net/flottecie/Delta%20Air%20Lines-active-a330.htm
N854DN,31965,5798,Boeing 737 NG / Max,b737ng,737-932ER,Active,26/02/2016,https://www.airfleets.net/flottecie/Delta%20Air%20Lines-active-b737ng-105.htm
N854NW,620,,Airbus A330,a330,330-223,Active,24/09/2009,https://www.airfleets.net/flottecie/Delta%20Air%20Lines-active-a330.htm
N855DN,31966,5814,Boeing 737 NG / Max,b737ng,737-932ER,Active,16/03/2016,https://www.airfleets.net/flottecie/Delta%20Air%20Lines-active-b737ng-105.htm
N855NW,621,,Airbus A330,a330,330-223,Active,28/09/2009,https://www.airfleets.net/flottecie/Delta%20Air%20Lines-active-a330.htm
N856DN,31967,5837,Boeing 737 NG / Max,b737ng,737-932ER,Active,30/03/2016,https://www.airfleets.net/flottecie/Delta%20Air%20Lines-active-b737ng-105.htm
N856NW,631,,Airbus A330,a330,330-223,Active,28/09/2009,https://www.airfleets.net/flottecie/Delta%20Air%20Lines-active-a330.htm
N857DZ,31968,5849,Boeing 737 NG / Max,b737ng,737-932ER,Active,07/04/2016,https://www.airfleets.net/flottecie/Delta%20Air%20Lines-active-b737ng-105.htm
N857NW,633,,Airbus A330,a330,330-223,Active,05/10/2009,https://www.airfleets.net/flottecie/Delta%20Air%20Lines-active-a330.htm
N858DZ,31969,5873,Boeing 737 NG / Max,b737ng,737-932ER,Active,22/04/2016,https://www.airfleets.net/flottecie/Delta%20Air%20Lines-active-b737ng-105.htm
N858NW,718,,Airbus A330,a330,330-223,Active,17/10/2009,https://www.airfleets.net/flottecie/Delta%20Air%20Lines-active-a330.htm
N859DN,31970,5894,Boeing 737 NG / Max,b737ng,737-932ER,Active,12/05/2016,https://www.airfleets.net/flottecie/Delta%20Air%20Lines-active-b737ng-105.htm
N859NW,722,,Airbus A330,a330,330-223,Active,18/10/2009,https://www.airfleets.net/flottecie/Delta%20Air%20Lines-active-a330.htm
N860DN,31971,5968,Boeing 737 NG / Max,b737ng,737-932ER,Active,29/06/2016,https://www.airfleets.net/flottecie/Delta%20Air%20Lines-active-b737ng-105.htm
N860NW,778,,Airbus A330,a330,330-223,Active,06/10/2009,https://www.airfleets.net/flottecie/Delta%20Air%20Lines-active-a330.htm
N861DN,31973,5976,Boeing 737 NG / Max,b737ng,737-932ER,Active,08/07/2016,https://www.airfleets.net/flottecie/Delta%20Air%20Lines-active-b737ng-105.htm
N861NW,796,,Airbus A330,a330,330-223,Active,13/11/2009,https://www.airfleets.net/flottecie/Delta%20Air%20Lines-active-a330.htm
N862DN,31972,6002,Boeing 737 NG / Max,b737ng,737-932ER,Active,27/07/2016,https://www.airfleets.net/flottecie/Delta%20Air%20Lines-active-b737ng-105.htm
N863DN,31975,6021,Boeing 737 NG / Max,b737ng,737-932ER,Active,05/08/2016,https://www.airfleets.net/flottecie/Delta%20Air%20Lines-active-b737ng-105.htm
N864DN,31974,6041,Boeing 737 NG / Max,b737ng,737-932ER,Active,19/08/2016,https://www.airfleets.net/flottecie/Delta%20Air%20Lines-active-b737ng-105.htm
N865DN,31976,6058,Boeing 737 NG / Max,b737ng,737-932ER,Active,09/09/2016,https://www.airfleets.net/flottecie/Delta%20Air%20Lines-active-b737ng-105.htm
N866DN,31977,6100,Boeing 737 NG / Max,b737ng,737-932ER,Active,06/10/2016,https://www.airfleets.net/flottecie/Delta%20Air%20Lines-active-b737ng-105.htm
N867DN,31979,6139,Boeing 737 NG / Max,b737ng,737-932ER,Active,02/11/2016,https://www.airfleets.net/flottecie/Delta%20Air%20Lines-active-b737ng-105.htm
N868DN,31978,6176,Boeing 737 NG / Max,b737ng,737-932ER,Active,29/11/2016,https://www.airfleets.net/flottecie/Delta%20Air%20Lines-active-b737ng-105.htm
N869DN,31980,6219,Boeing 737 NG / Max,b737ng,737-932ER,Active,23/12/2016,https://www.airfleets.net/flottecie/Delta%20Air%20Lines-active-b737ng-105.htm
N870DN,31981,6237,Boeing 737 NG / Max,b737ng,737-932ER,Active,20/01/2017,https://www.airfleets.net/flottecie/Delta%20Air%20Lines-active-b737ng-105.htm
N871DN,31982,6246,Boeing 737 NG / Max,b737ng,737-932ER,Active,26/01/2017,https://www.airfleets.net/flottecie/Delta%20Air%20Lines-active-b737ng-105.htm
N872DN,31983,6256,Boeing 737 NG / Max,b737ng,737-932ER,Active,08/02/2017,https://www.airfleets.net/flottecie/Delta%20Air%20Lines-active-b737ng-105.htm
N873DN,31984,6294,Boeing 737 NG / Max,b737ng,737-932ER,Active,27/02/2017,https://www.airfleets.net/flottecie/Delta%20Air%20Lines-active-b737ng-140.htm
N874DN,31985,6305,Boeing 737 NG / Max,b737ng,737-932ER,Active,08/03/2017,https://www.airfleets.net/flottecie/Delta%20Air%20Lines-active-b737ng-140.htm
N875DN,31986,6312,Boeing 737 NG / Max,b737ng,737-932ER,Active,15/03/2017,https://www.airfleets.net/flottecie/Delta%20Air%20Lines-active-b737ng-140.htm
N876DN,31987,6346,Boeing 737 NG / Max,b737ng,737-932ER,Active,07/04/2017,https://www.airfleets.net/flottecie/Delta%20Air%20Lines-active-b737ng-140.htm
N877DN,31988,6375,Boeing 737 NG / Max,b737ng,737-932ER,Active,26/04/2017,https://www.airfleets.net/flottecie/Delta%20Air%20Lines-active-b737ng-140.htm
N878DN,31989,6405,Boeing 737 NG / Max,b737ng,737-932ER,Active,18/05/2017,https://www.airfleets.net/flottecie/Delta%20Air%20Lines-active-b737ng-140.htm
N879DN,31990,6422,Boeing 737 NG / Max,b737ng,737-932ER,Active,02/06/2017,https://www.airfleets.net/flottecie/Delta%20Air%20Lines-active-b737ng-140.htm
N880DN,31991,6470,Boeing 737 NG / Max,b737ng,737-932ER,Active,13/07/2017,https://www.airfleets.net/flottecie/Delta%20Air%20Lines-active-b737ng-140.htm
N881DN,31992,6474,Boeing 737 NG / Max,b737ng,737-932ER,Active,10/07/2017,https://www.airfleets.net/flottecie/Delta%20Air%20Lines-active-b737ng-140.htm
N882DN,31994,6512,Boeing 737 NG / Max,b737ng,737-932ER,Active,07/08/2017,https://www.airfleets.net/flottecie/Delta%20Air%20Lines-active-b737ng-140.htm
N883DN,31993,6530,Boeing 737 NG / Max,b737ng,737-932ER,Active,16/08/2017,https://www.airfleets.net/flottecie/Delta%20Air%20Lines-active-b737ng-140.htm
N884DN,31995,6564,Boeing 737 NG / Max,b737ng,737-932ER,Active,01/09/2017,https://www.airfleets.net/flottecie/Delta%20Air%20Lines-active-b737ng-140.htm
N885DN,31996,6629,Boeing 737 NG / Max,b737ng,737-932ER,Active,18/10/2017,https://www.airfleets.net/flottecie/Delta%20Air%20Lines-active-b737ng-140.htm
N886DN,31998,6659,Boeing 737 NG / Max,b737ng,737-932ER,Active,08/11/2017,https://www.airfleets.net/flottecie/Delta%20Air%20Lines-active-b737ng-140.htm
N887DN,31997,6670,Boeing 737 NG / Max,b737ng,737-932ER,Active,16/11/2017,https://www.airfleets.net/flottecie/Delta%20Air%20Lines-active-b737ng-140.htm
N888DU,31999,6719,Boeing 737 NG / Max,b737ng,737-932ER,Active,13/12/2017,https://www.airfleets.net/flottecie/Delta%20Air%20Lines-active-b737ng-140.htm
N889DN,62774,6728,Boeing 737 NG / Max,b737ng,737-932ER,Active,20/12/2017,https://www.airfleets.net/flottecie/Delta%20Air%20Lines-active-b737ng-175.htm
N890DN,62775,6791,Boeing 737 NG / Max,b737ng,737-932ER,Active,08/02/2018,https://www.airfleets.net/flottecie/Delta%20Air%20Lines-active-b737ng-210.htm
N891AT,55043,5131,Boeing 717,b717,717-2BD,Active,22/12/2013,https://www.airfleets.net/flottecie/Delta%20Air%20Lines-active-b717.htm
N891DN,32001,6818,Boeing 737 NG / Max,b737ng,737-932ER,Active,23/02/2018,https://www.airfleets.net/flottecie/Delta%20Air%20Lines-active-b737ng-140.htm
N892AT,55044,5134,Boeing 717,b717,717-2BD,Active,27/01/2014,https://www.airfleets.net/flottecie/Delta%20Air%20Lines-active-b717-35.htm
N892DN,32000,6838,Boeing 737 NG / Max,b737ng,737-932ER,Active,13/03/2018,https://www.airfleets.net/flottecie/Delta%20Air%20Lines-active-b737ng-140.htm
N893AT,55045,5136,Boeing 717,b717,717-2BD,Active,08/03/2014,https://www.airfleets.net/flottecie/Delta%20Air%20Lines-active-b717-35.htm
N893DN,32002,6874,Boeing 737 NG / Max,b737ng,737-932ER,Active,27/03/2018,https://www.airfleets.net/flottecie/Delta%20Air%20Lines-active-b737ng-140.htm
N894AT,55046,5137,Boeing 717,b717,717-2BD,Active,10/02/2014,https://www.airfleets.net/flottecie/Delta%20Air%20Lines-active-b717-35.htm
N894DN,62776,6879,Boeing 737 NG / Max,b737ng,737-932ER,Active,29/03/2018,https://www.airfleets.net/flottecie/Delta%20Air%20Lines-active-b737ng-210.htm
N895AT,55047,5139,Boeing 717,b717,717-2BD,Active,07/02/2014,https://www.airfleets.net/flottecie/Delta%20Air%20Lines-active-b717-35.htm
N895DN,32003,6891,Boeing 737 NG / Max,b737ng,737-932ER,Active,17/04/2018,https://www.airfleets.net/flottecie/Delta%20Air%20Lines-active-b737ng-140.htm
N896AT,55048,5141,Boeing 717,b717,717-2BD,Active,21/02/2014,https://www.airfleets.net/flottecie/Delta%20Air%20Lines-active-b717-35.htm
N896DN,62777,6924,Boeing 737 NG / Max,b737ng,737-932ER,Active,30/04/2018,https://www.airfleets.net/flottecie/Delta%20Air%20Lines-active-b737ng-210.htm
N897DN,32004,6947,Boeing 737 NG / Max,b737ng,737-932ER,Active,17/05/2018,https://www.airfleets.net/flottecie/Delta%20Air%20Lines-active-b737ng-140.htm
N898DN,62778,6961,Boeing 737 NG / Max,b737ng,737-932ER,Active,24/05/2018,https://www.airfleets.net/flottecie/Delta%20Air%20Lines-active-b737ng-210.htm
N899AT,55049,5143,Boeing 717,b717,717-2BD,Active,02/10/2014,https://www.airfleets.net/flottecie/Delta%20Air%20Lines-active-b717-35.htm
N899DN,32005,6996,Boeing 737 NG / Max,b737ng,737-932ER,Active,14/06/2018,https://www.airfleets.net/flottecie/Delta%20Air%20Lines-active-b737ng-140.htm
N900DU,62779,7021,Boeing 737 NG / Max,b737ng,737-932ER,Active,01/07/2018,https://www.airfleets.net/flottecie/Delta%20Air%20Lines-active-b737ng-210.htm
N900PC,28446,740,Boeing 757,b757,757-26D,Active,21/01/1997,https://www.airfleets.net/flottecie/Delta%20Air%20Lines-active-b757.htm
N901DN,32006,7056,Boeing 737 NG / Max,b737ng,737-932ER,Active,27/07/2018,https://www.airfleets.net/flottecie/Delta%20Air%20Lines-active-b737ng-140.htm
N902DN,62780,7069,Boeing 737 NG / Max,b737ng,737-990ER,Active,02/08/2018,https://www.airfleets.net/flottecie/Delta%20Air%20Lines-active-b737ng-210.htm
N903DN,32007,7126,Boeing 737 NG / Max,b737ng,737-990ER,Active,30/09/2018,https://www.airfleets.net/flottecie/Delta%20Air%20Lines-active-b737ng-140.htm
N904DN,32008,7171,Boeing 737 NG / Max,b737ng,737-932ER,Active,27/09/2018,https://www.airfleets.net/flottecie/Delta%20Air%20Lines-active-b737ng-140.htm
N905DN,32009,7229,Boeing 737 NG / Max,b737ng,737-932ER,Active,29/10/2018,https://www.airfleets.net/flottecie/Delta%20Air%20Lines-active-b737ng-140.htm
N906AT,55087,5060,Boeing 717,b717,717-231,Active,14/08/2014,https://www.airfleets.net/flottecie/Delta%20Air%20Lines-active-b717-35.htm
N906DN,64879,7239,Boeing 737 NG / Max,b737ng,737-932ER,Active,31/10/2018,https://www.airfleets.net/flottecie/Delta%20Air%20Lines-active-b737ng-210.htm
N907DN,32010,7259,Boeing 737 NG / Max,b737ng,737-932ER,Active,09/11/2018,https://www.airfleets.net/flottecie/Delta%20Air%20Lines-active-b737ng-140.htm
N908DN,64881,7266,Boeing 737 NG / Max,b737ng,737-932ER,Active,19/11/2018,https://www.airfleets.net/flottecie/Delta%20Air%20Lines-active-b737ng-210.htm
N909DN,64880,7284,Boeing 737 NG / Max,b737ng,737-932ER,Active,26/11/2018,https://www.airfleets.net/flottecie/Delta%20Air%20Lines-active-b737ng-210.htm
N910DU,32011,7299,Boeing 737 NG / Max,b737ng,737-932ER,Active,07/12/2018,https://www.airfleets.net/flottecie/Delta%20Air%20Lines-active-b737ng-140.htm
N911DQ,64882,7309,Boeing 737 NG / Max,b737ng,737-932ER,Active,12/12/2018,https://www.airfleets.net/flottecie/Delta%20Air%20Lines-active-b737ng-210.htm
N912DU,64883,7319,Boeing 737 NG / Max,b737ng,737-932ER,Active,14/12/2018,https://www.airfleets.net/flottecie/Delta%20Air%20Lines-active-b737ng-210.htm
N913DU,62781,7344,Boeing 737 NG / Max,b737ng,737-932ER,Active,15/01/2019,https://www.airfleets.net/flottecie/Delta%20Air%20Lines-active-b737ng-210.htm
N914DU,62782,7354,Boeing 737 NG / Max,b737ng,737-932ER,Active,18/01/2019,https://www.airfleets.net/flottecie/Delta%20Air%20Lines-active-b737ng-210.htm
N915AT,55085,5055,Boeing 717,b717,717-231,Active,22/07/2014,https://www.airfleets.net/flottecie/Delta%20Air%20Lines-active-b717-35.htm
N915DU,62783,7374,Boeing 737 NG / Max,b737ng,737-932ER,Active,29/01/2019,https://www.airfleets.net/flottecie/Delta%20Air%20Lines-active-b737ng-210.htm
N916DU,64884,7379,Boeing 737 NG / Max,b737ng,737-932ER,Active,30/01/2019,https://www.airfleets.net/flottecie/Delta%20Air%20Lines-active-b737ng-210.htm
N917DU,63530,7397,Boeing 737 NG / Max,b737ng,737-932ER,Active,31/01/2019,https://www.airfleets.net/flottecie/Delta%20Air%20Lines-active-b737ng-210.htm
N918DU,64885,7402,Boeing 737 NG / Max,b737ng,737-932ER,Active,31/01/2019,https://www.airfleets.net/flottecie/Delta%20Air%20Lines-active-b737ng-210.htm
N919AT,55084,5052,Boeing 717,b717,717-231,Active,12/06/2014,https://www.airfleets.net/flottecie/Delta%20Air%20Lines-active-b717-35.htm
N919DU,63531,7412,Boeing 737 NG / Max,b737ng,737-932ER,Active,21/02/2019,https://www.airfleets.net/flottecie/Delta%20Air%20Lines-active-b737ng-210.htm
N920AT,55083,5049,Boeing 717,b717,717-231,Active,13/06/2014,https://www.airfleets.net/flottecie/Delta%20Air%20Lines-active-b717-35.htm
N920DU,63533,7422,Boeing 737 NG / Max,b737ng,737-932ER,Active,01/03/2019,https://www.airfleets.net/flottecie/Delta%20Air%20Lines-active-b737ng-210.htm
N921AT,55082,5046,Boeing 717,b717,717-231,Active,24/04/2014,https://www.airfleets.net/flottecie/Delta%20Air%20Lines-active-b717-35.htm
N921DU,63532,7442,Boeing 737 NG / Max,b737ng,737-932ER,Active,03/04/2019,https://www.airfleets.net/flottecie/Delta%20Air%20Lines-active-b737ng-210.htm
N922AT,55050,5144,Boeing 717,b717,717-2BD,Active,20/11/2014,https://www.airfleets.net/flottecie/Delta%20Air%20Lines-active-b717-35.htm
N922DZ,64886,7452,Boeing 737 NG / Max,b737ng,737-932ER,Active,29/03/2019,https://www.airfleets.net/flottecie/Delta%20Air%20Lines-active-b737ng-210.htm
N923AT,55051,5148,Boeing 717,b717,717-2BD,Active,01/02/2015,https://www.airfleets.net/flottecie/Delta%20Air%20Lines-active-b717-35.htm
N923DZ,64887,7492,Boeing 737 NG / Max,b737ng,737-932ER,Active,02/04/2019,https://www.airfleets.net/flottecie/Delta%20Air%20Lines-active-b737ng-210.htm
N924AT,55080,5043,Boeing 717,b717,717-231,Active,22/05/2014,https://www.airfleets.net/flottecie/Delta%20Air%20Lines-active-b717-35.htm
N924DZ,63536,7507,Boeing 737 NG / Max,b737ng,737-932ER,Active,29/04/2019,https://www.airfleets.net/flottecie/Delta%20Air%20Lines-active-b737ng-210.htm
N925AT,55078,5039,Boeing 717,b717,717-231,Active,30/04/2014,https://www.airfleets.net/flottecie/Delta%20Air%20Lines-active-b717-35.htm
N925DZ,63535,7517,Boeing 737 NG / Max,b737ng,737-932ER,Active,30/04/2019,https://www.airfleets.net/flottecie/Delta%20Air%20Lines-active-b737ng-210.htm
N926AT,55079,5042,Boeing 717,b717,717-231,Active,09/04/2014,https://www.airfleets.net/flottecie/Delta%20Air%20Lines-active-b717-35.htm
N926DZ,63534,7537,Boeing 737 NG / Max,b737ng,737-932ER,Active,07/05/2019,https://www.airfleets.net/flottecie/Delta%20Air%20Lines-active-b737ng-210.htm
N927AT,55077,5038,Boeing 717,b717,717-231,Active,06/04/2014,https://www.airfleets.net/flottecie/Delta%20Air%20Lines-active-b717-35.htm
N927DZ,64888,7552,Boeing 737 NG / Max,b737ng,737-932ER,Active,01/06/2019,https://www.airfleets.net/flottecie/Delta%20Air%20Lines-active-b737ng-210.htm
N928AT,55076,5035,Boeing 717,b717,717-231,Active,20/03/2015,https://www.airfleets.net/flottecie/Delta%20Air%20Lines-active-b717-35.htm
N928DU,63537,7562,Boeing 737 NG / Max,b737ng,737-932ER,Active,25/05/2019,https://www.airfleets.net/flottecie/Delta%20Air%20Lines-active-b737ng-210.htm
N929AT,55075,5032,Boeing 717,b717,717-231,Active,10/01/2014,https://www.airfleets.net/flottecie/Delta%20Air%20Lines-active-b717-35.htm
N929DZ,63538,7572,Boeing 737 NG / Max,b737ng,737-932ER,Active,31/05/2019,https://www.airfleets.net/flottecie/Delta%20Air%20Lines-active-b737ng-210.htm
N930AT,55072,5025,Boeing 717,b717,717-231,Active,11/05/2015,https://www.airfleets.net/flottecie/Delta%20Air%20Lines-active-b717-35.htm
N930DZ,63539,7592,Boeing 737 NG / Max,b737ng,737-932ER,Active,27/06/2019,https://www.airfleets.net/flottecie/Delta%20Air%20Lines-active-b737ng-210.htm
N931DQ,38302,3753,Boeing 737 NG / Max,b737ng,737-9GPER,Active,14/12/2022,https://www.airfleets.net/flottecie/Delta%20Air%20Lines-active-b737ng-175.htm
N932DZ,37286,3813,Boeing 737 NG / Max,b737ng,737-9GPER,Active,19/05/2023,https://www.airfleets.net/flottecie/Delta%20Air%20Lines-active-b737ng-140.htm
N933AT,55071,5024,Boeing 717,b717,717-231,Active,26/11/2013,https://www.airfleets.net/flottecie/Delta%20Air%20Lines-active-b717-35.htm
N933DZ,37288,3849,Boeing 737 NG / Max,b737ng,737-9GPER,Active,16/02/2023,https://www.airfleets.net/flottecie/Delta%20Air%20Lines-active-b737ng-140.htm
N934DZ,37289,3888,Boeing 737 NG / Max,b737ng,737-9GPER,Active,16/02/2023,https://www.airfleets.net/flottecie/Delta%20Air%20Lines-active-b737ng-140.htm
N935AT,55069,5019,Boeing 717,b717,717-231,Active,10/10/2013,https://www.airfleets.net/flottecie/Delta%20Air%20Lines-active-b717-35.htm
N935DZ,37290,3918,Boeing 737 NG / Max,b737ng,737-9GPER,Active,15/06/2022,https://www.airfleets.net/flottecie/Delta%20Air%20Lines-active-b737ng-175.htm
N936AT,55058,5017,Boeing 717,b717,717-231,Active,16/11/2015,https://www.airfleets.net/flottecie/Delta%20Air%20Lines-active-b717-35.htm
N936DZ,38313,3936,Boeing 737 NG / Max,b737ng,737-9GPER,Active,14/04/2023,https://www.airfleets.net/flottecie/Delta%20Air%20Lines-active-b737ng-175.htm
N937AT,55091,5075,Boeing 717,b717,717-231,Active,22/11/2014,https://www.airfleets.net/flottecie/Delta%20Air%20Lines-active-b717-35.htm
N937DZ,38315,3954,Boeing 737 NG / Max,b737ng,737-9GPER,Active,19/04/2023,https://www.airfleets.net/flottecie/Delta%20Air%20Lines-active-b737ng-175.htm
N938AT,55098,5155,Boeing 717,b717,717-2BD,Active,26/12/2014,https://www.airfleets.net/flottecie/Delta%20Air%20Lines-active-b717-35.htm
N938DZ,37291,3966,Boeing 737 NG / Max,b737ng,737-9GPER,Active,03/05/2023,https://www.airfleets.net/flottecie/Delta%20Air%20Lines-active-b737ng-175.htm
N939AT,55099,5156,Boeing 717,b717,717-2BD,Active,14/05/2015,https://www.airfleets.net/flottecie/Delta%20Air%20Lines-active-b717-35.htm
N939DZ,38720,4056,Boeing 737 NG / Max,b737ng,737-9GPER,Active,02/06/2023,https://www.airfleets.net/flottecie/Delta%20Air%20Lines-active-b737ng-175.htm
N940AT,55004,5005,Boeing 717,b717,717-2BD,Active,04/10/2015,https://www.airfleets.net/flottecie/Delta%20Air%20Lines-active-b717.htm
N940DU,38723,4140,Boeing 737 NG / Max,b737ng,737-9GPER,Active,01/01/2023,https://www.airfleets.net/flottecie/Delta%20Air%20Lines-active-b737ng-175.htm
N941DZ,38683,4236,Boeing 737 NG / Max,b737ng,737-9GPER,Active,24/01/2023,https://www.airfleets.net/flottecie/Delta%20Air%20Lines-active-b737ng-175.htm
N942AT,55005,5006,Boeing 717,b717,717-2BD,Active,26/05/2015,https://www.airfleets.net/flottecie/Delta%20Air%20Lines-active-b717.htm
N942DZ,38684,4266,Boeing 737 NG / Max,b737ng,737-9GPER,Active,18/10/2022,https://www.airfleets.net/flottecie/Delta%20Air%20Lines-active-b737ng-175.htm
N943AT,55006,5007,Boeing 717,b717,717-2BD,Parked,05/09/2015,https://www.airfleets.net/flottecie/Delta%20Air%20Lines-active-b717.htm
N943DZ,38687,4368,Boeing 737 NG / Max,b737ng,737-9GPER,Active,16/02/2023,https://www.airfleets.net/flottecie/Delta%20Air%20Lines-active-b737ng-175.htm
N944AT,55007,5008,Boeing 717,b717,717-2BD,Active,14/09/2015,https://www.airfleets.net/flottecie/Delta%20Air%20Lines-active-b717.htm
N944DZ,38729,4380,Boeing 737 NG / Max,b737ng,737-9GPER,Active,20/01/2022,https://www.airfleets.net/flottecie/Delta%20Air%20Lines-active-b737ng-175.htm
N945AT,55008,5009,Boeing 717,b717,717-2BD,Active,06/02/2016,https://www.airfleets.net/flottecie/Delta%20Air%20Lines-active-b717.htm
N945DZ,38688,4414,Boeing 737 NG / Max,b737ng,737-9GPER,Active,26/10/2022,https://www.airfleets.net/flottecie/Delta%20Air%20Lines-active-b737ng-175.htm
N946AT,55009,5010,Boeing 717,b717,717-2BD,Active,19/12/2015,https://www.airfleets.net/flottecie/Delta%20Air%20Lines-active-b717.htm
N946DZ,38730,4430,Boeing 737 NG / Max,b737ng,737-9GPER,Active,01/03/2023,https://www.airfleets.net/flottecie/Delta%20Air%20Lines-active-b737ng-175.htm
N947AT,55010,5011,Boeing 717,b717,717-2BD,Active,23/10/2015,https://www.airfleets.net/flottecie/Delta%20Air%20Lines-active-b717.htm
N947DZ,38689,4441,Boeing 737 NG / Max,b737ng,737-9GPER,Active,01/09/2023,https://www.airfleets.net/flottecie/Delta%20Air%20Lines-active-b737ng-175.htm
N948AT,55011,5012,Boeing 717,b717,717-2BD,Parked,07/08/2015,https://www.airfleets.net/flottecie/Delta%20Air%20Lines-active-b717.htm
N948DZ,38731,4463,Boeing 737 NG / Max,b737ng,737-9GPER,Active,23/02/2023,https://www.airfleets.net/flottecie/Delta%20Air%20Lines-active-b737ng-175.htm
N949AT,55003,5004,Boeing 717,b717,717-2BD,Active,17/07/2015,https://www.airfleets.net/flottecie/Delta%20Air%20Lines-active-b717.htm
N949DZ,38732,4484,Boeing 737 NG / Max,b737ng,737-9GPER,Active,11/11/2021,https://www.airfleets.net/flottecie/Delta%20Air%20Lines-active-b737ng-175.htm
N950AT,55012,5018,Boeing 717,b717,717-2BD,Active,12/10/2015,https://www.airfleets.net/flottecie/Delta%20Air%20Lines-active-b717.htm
N950DZ,38690,4495,Boeing 737 NG / Max,b737ng,737-9GPER,Active,21/10/2022,https://www.airfleets.net/flottecie/Delta%20Air%20Lines-active-b737ng-175.htm
N951AT,55013,5021,Boeing 717,b717,717-2BD,Active,24/07/2015,https://www.airfleets.net/flottecie/Delta%20Air%20Lines-active-b717.htm
N951DX,38736,4592,Boeing 737 NG / Max,b737ng,737-9GPER,Active,19/11/2022,https://www.airfleets.net/flottecie/Delta%20Air%20Lines-active-b737ng-175.htm
N952AT,55014,5027,Boeing 717,b717,717-2BD,Active,26/09/2015,https://www.airfleets.net/flottecie/Delta%20Air%20Lines-active-b717.htm
N952DZ,38737,4600,Boeing 737 NG / Max,b737ng,737-9GPER,Active,16/05/2023,https://www.airfleets.net/flottecie/Delta%20Air%20Lines-active-b737ng-175.htm
N953AT,55015,5033,Boeing 717,b717,717-2BD,Active,05/01/2014,https://www.airfleets.net/flottecie/Delta%20Air%20Lines-active-b717.htm
N953DZ,38739,4657,Boeing 737 NG / Max,b737ng,737-9GPER,Active,14/10/2021,https://www.airfleets.net/flottecie/Delta%20Air%20Lines-active-b737ng-175.htm
N954AT,55016,5036,Boeing 717,b717,717-2BD,Active,13/03/2014,https://www.airfleets.net/flottecie/Delta%20Air%20Lines-active-b717.htm
N954DZ,38741,4679,Boeing 737 NG / Max,b737ng,737-9PGER,Active,16/11/2022,https://www.airfleets.net/flottecie/Delta%20Air%20Lines-active-b737ng-175.htm
N955AT,55017,5040,Boeing 717,b717,717-2BD,Active,20/03/2014,https://www.airfleets.net/flottecie/Delta%20Air%20Lines-active-b717.htm
N955DZ,38743,4711,Boeing 737 NG / Max,b737ng,737-9GPER,Active,12/07/2023,https://www.airfleets.net/flottecie/Delta%20Air%20Lines-active-b737ng-175.htm
N956DZ,38742,4726,Boeing 737 NG / Max,b737ng,737-9GPER,Active,04/04/2023,https://www.airfleets.net/flottecie/Delta%20Air%20Lines-active-b737ng-175.htm
N957AT,55019,5047,Boeing 717,b717,717-2BD,Active,19/06/2014,https://www.airfleets.net/flottecie/Delta%20Air%20Lines-active-b717.htm
N957DZ,38748,4822,Boeing 737 NG / Max,b737ng,737-9GPER,Active,06/03/2023,https://www.airfleets.net/flottecie/Delta%20Air%20Lines-active-b737ng-175.htm
N958DZ,39823,5070,Boeing 737 NG / Max,b737ng,737-9GPER,Active,04/10/2022,https://www.airfleets.net/flottecie/Delta%20Air%20Lines-active-b737ng-175.htm
N959AT,55021,5057,Boeing 717,b717,717-2BD,Active,31/07/2014,https://www.airfleets.net/flottecie/Delta%20Air%20Lines-active-b717.htm
N959DZ,39880,5081,Boeing 737 NG / Max,b737ng,737-9PGER,Active,10/03/2022,https://www.airfleets.net/flottecie/Delta%20Air%20Lines-active-b737ng-175.htm
N960AT,55022,5058,Boeing 717,b717,717-2BD,Active,10/07/2014,https://www.airfleets.net/flottecie/Delta%20Air%20Lines-active-b717.htm
N960DZ,39824,5088,Boeing 737 NG / Max,b737ng,737-9GPER,Active,15/02/2023,https://www.airfleets.net/flottecie/Delta%20Air%20Lines-active-b737ng-175.htm
N961AT,55023,5062,Boeing 717,b717,717-2BD,Active,03/06/2014,https://www.airfleets.net/flottecie/Delta%20Air%20Lines-active-b717.htm
N961DZ,39878,5096,Boeing 737 NG / Max,b737ng,737-9GPER,Active,31/01/2023,https://www.airfleets.net/flottecie/Delta%20Air%20Lines-active-b737ng-175.htm
N962DZ,38304,5162,Boeing 737 NG / Max,b737ng,737-9GPER,Active,24/04/2023,https://www.airfleets.net/flottecie/Delta%20Air%20Lines-active-b737ng-175.htm
N963AT,55024,5066,Boeing 717,b717,717-2BD,Active,22/02/2015,https://www.airfleets.net/flottecie/Delta%20Air%20Lines-active-b717.htm
N963DZ,38301,5176,Boeing 737 NG / Max,b737ng,737-9GPER,Active,09/12/2022,https://www.airfleets.net/flottecie/Delta%20Air%20Lines-active-b737ng-175.htm
N964AT,55025,5071,Boeing 717,b717,717-2BD,Active,01/05/2015,https://www.airfleets.net/flottecie/Delta%20Air%20Lines-active-b717.htm
N965AT,55026,5076,Boeing 717,b717,717-2BD,Active,31/05/2015,https://www.airfleets.net/flottecie/Delta%20Air%20Lines-active-b717.htm
N966AT,55027,5081,Boeing 717,b717,717-2BD,Active,28/05/2014,https://www.airfleets.net/flottecie/Delta%20Air%20Lines-active-b717.htm
N967AT,55028,5082,Boeing 717,b717,717-2BD,Active,14/10/2014,https://www.airfleets.net/flottecie/Delta%20Air%20Lines-active-b717.htm
N970AT,55031,5096,Boeing 717,b717,717-2BD,Active,11/09/2014,https://www.airfleets.net/flottecie/Delta%20Air%20Lines-active-b717.htm
N971AT,55032,5097,Boeing 717,b717,717-2BD,Active,08/04/2015,https://www.airfleets.net/flottecie/Delta%20Air%20Lines-active-b717.htm
N974AT,55034,5101,Boeing 717,b717,717-2BD,Active,05/03/2015,https://www.airfleets.net/flottecie/Delta%20Air%20Lines-active-b717.htm
N977AT,55036,5106,Boeing 717,b717,717-2BD,Active,07/11/2013,https://www.airfleets.net/flottecie/Delta%20Air%20Lines-active-b717.htm
N978AT,55037,5108,Boeing 717,b717,717-2BD,Active,07/11/2013,https://www.airfleets.net/flottecie/Delta%20Air%20Lines-active-b717.htm
N979AT,55038,5109,Boeing 717,b717,717-2BD,Active,15/11/2013,https://www.airfleets.net/flottecie/Delta%20Air%20Lines-active-b717.htm
N980AT,55039,5111,Boeing 717,b717,717-2BD,Active,19/07/2015,https://www.airfleets.net/flottecie/Delta%20Air%20Lines-active-b717.htm
N981AT,55040,5113,Boeing 717,b717,717-2BD,Active,08/12/2013,https://www.airfleets.net/flottecie/Delta%20Air%20Lines-active-b717.htm
N982AT,55041,5114,Boeing 717,b717,717-2BD,Active,27/07/2015,https://www.airfleets.net/flottecie/Delta%20Air%20Lines-active-b717.htm
N983AT,55052,5150,Boeing 717,b717,717-2BD,Active,21/04/2015,https://www.airfleets.net/flottecie/Delta%20Air%20Lines-active-b717-35.htm
N985AT,55090,5068,Boeing 717,b717,717-231,Active,20/01/2015,https://www.airfleets.net/flottecie/Delta%20Air%20Lines-active-b717-35.htm
N986AT,55089,5067,Boeing 717,b717,717-231,Active,19/12/2014,https://www.airfleets.net/flottecie/Delta%20Air%20Lines-active-b717-35.htm
N988AT,55068,5065,Boeing 717,b717,717-23S,Active,22/02/2015,https://www.airfleets.net/flottecie/Delta%20Air%20Lines-active-b717-35.htm
N989AT,55152,5085,Boeing 717,b717,717-23S,Active,14/11/2013,https://www.airfleets.net/flottecie/Delta%20Air%20Lines-active-b717-70.htm
N990AT,55134,5088,Boeing 717,b717,717-23S,Active,25/10/2013,https://www.airfleets.net/flottecie/Delta%20Air%20Lines-active-b717-35.htm
N991AT,55135,5090,Boeing 717,b717,717-23S,Active,23/12/2013,https://www.airfleets.net/flottecie/Delta%20Air%20Lines-active-b717-35.htm
N992AT,55136,5100,Boeing 717,b717,717-2BD,Active,06/01/2016,https://www.airfleets.net/flottecie/Delta%20Air%20Lines-active-b717-70.htm
N993AT,55137,5103,Boeing 717,b717,717-2BD,Active,27/02/2015,https://www.airfleets.net/flottecie/Delta%20Air%20Lines-active-b717-70.htm
N994AT,55138,5104,Boeing 717,b717,717-2BD,Active,29/11/2013,https://www.airfleets.net/flottecie/Delta%20Air%20Lines-active-b717-70.htm
N995AT,55139,5105,Boeing 717,b717,717-2BD,Active,30/12/2013,https://www.airfleets.net/flottecie/Delta%20Air%20Lines-active-b717-70.htm
N996AT,55140,5107,Boeing 717,b717,717-2BD,Active,07/08/2015,https://www.airfleets.net/flottecie/Delta%20Air%20Lines-active-b717-70.htm
N997AT,55141,5110,Boeing 717,b717,717-2BD,Active,12/06/2015,https://www.airfleets.net/flottecie/Delta%20Air%20Lines-active-b717-70.htm
N998AT,55142,5112,Boeing 717,b717,717-2BD,Active,27/02/2014,https://www.airfleets.net/flottecie/Delta%20Air%20Lines-active-b717-70.htm
